datetime,P1,P2,P3,P4,P5,P6
2021-10-06 00:00:19,0.02,0.0352,-1.0,157.0,795.0,1080.0
2021-10-06 00:01:19,0.02,0.0352,-1.0,157.0,794.0,1080.0
2021-10-06 00:02:20,0.02,0.0352,0.0,157.0,796.0,1080.0
2021-10-06 00:03:20,0.02,0.0353,-1.0,157.0,794.0,1080.0
2021-10-06 00:04:21,0.02,0.0352,-1.0,157.0,795.0,1080.0
2021-10-06 00:05:21,0.02,0.0352,-1.0,157.0,795.0,1080.0
2021-10-06 00:06:22,0.02,0.0353,-1.0,157.0,795.0,1080.0
2021-10-06 00:07:22,0.02,0.0352,0.0,156.0,795.0,1080.0
2021-10-06 00:08:23,0.02,0.0353,-1.0,157.0,795.0,1080.0
2021-10-06 00:09:23,0.02,0.0353,0.0,157.0,794.0,1080.0
2021-10-06 00:10:23,0.02,0.0353,-1.0,157.0,795.0,1080.0
2021-10-06 00:11:24,0.02,0.0353,0.0,157.0,795.0,1080.0
2021-10-06 00:12:25,0.02,0.0353,-1.0,157.0,795.0,1080.0
2021-10-06 00:13:25,0.02,0.0354,-1.0,157.0,795.0,1080.0
2021-10-06 00:14:26,0.02,0.0353,-1.0,157.0,794.0,1080.0
2021-10-06 00:15:26,0.02,0.0354,0.0,157.0,795.0,1080.0
2021-10-06 00:16:27,0.02,0.0354,0.0,157.0,796.0,1080.0
2021-10-06 00:17:27,0.02,0.0354,-1.0,157.0,795.0,1080.0
2021-10-06 00:18:28,0.02,0.0354,0.0,157.0,795.0,1080.0
2021-10-06 00:19:28,0.02,0.0355,-1.0,157.0,796.0,1080.0
2021-10-06 00:20:29,0.02,0.0354,0.0,157.0,795.0,1080.0
2021-10-06 00:21:29,0.02,0.0354,-1.0,157.0,795.0,1080.0
2021-10-06 00:22:30,0.02,0.0355,0.0,157.0,795.0,1080.0
2021-10-06 00:23:30,0.02,0.0355,0.0,157.0,795.0,1080.0
2021-10-06 00:24:31,0.02,0.0355,-1.0,157.0,795.0,1080.0
2021-10-06 00:25:31,0.02,0.0355,0.0,157.0,795.0,1080.0
2021-10-06 00:26:32,0.02,0.0355,0.0,157.0,795.0,1080.0
2021-10-06 00:27:32,0.02,0.0355,-1.0,157.0,794.0,1080.0
2021-10-06 00:28:33,0.02,0.0355,-1.0,157.0,795.0,1080.0
2021-10-06 00:29:33,0.02,0.0355,0.0,157.0,795.0,1080.0
2021-10-06 00:30:34,0.02,0.0355,0.0,157.0,795.0,1080.0
2021-10-06 00:31:34,0.02,0.0354,0.0,157.0,795.0,1080.0
2021-10-06 00:32:35,0.02,0.0355,0.0,157.0,795.0,1080.0
2021-10-06 00:33:35,0.02,0.0355,-1.0,157.0,795.0,1080.0
2021-10-06 00:34:36,0.02,0.0355,-1.0,157.0,795.0,1080.0
2021-10-06 00:35:36,0.02,0.0355,0.0,156.0,795.0,1080.0
2021-10-06 00:36:37,0.02,0.0355,0.0,157.0,794.0,1080.0
2021-10-06 00:37:37,0.02,0.0355,-1.0,157.0,795.0,1080.0
2021-10-06 00:38:38,0.02,0.0355,-1.0,157.0,795.0,1080.0
2021-10-06 00:39:38,0.02,0.0355,0.0,157.0,795.0,1080.0
2021-10-06 00:40:39,0.02,0.0355,0.0,157.0,795.0,1080.0
2021-10-06 00:41:39,0.02,0.0355,0.0,157.0,795.0,1080.0
2021-10-06 00:42:40,0.02,0.0355,-1.0,157.0,795.0,1080.0
2021-10-06 00:43:41,0.02,0.0356,0.0,157.0,795.0,1080.0
2021-10-06 00:44:41,0.02,0.0356,0.0,157.0,795.0,1080.0
2021-10-06 00:45:42,0.02,0.0356,0.0,157.0,795.0,1080.0
2021-10-06 00:46:42,0.02,0.0356,-1.0,157.0,796.0,1080.0
2021-10-06 00:47:43,0.02,0.0356,0.0,157.0,796.0,1080.0
2021-10-06 00:48:43,0.02,0.0357,0.0,157.0,795.0,1080.0
2021-10-06 00:49:44,0.02,0.0356,0.0,157.0,795.0,1080.0
2021-10-06 00:50:44,0.02,0.0357,0.0,157.0,795.0,1080.0
2021-10-06 00:51:45,0.02,0.0357,0.0,157.0,795.0,1080.0
2021-10-06 00:52:45,0.02,0.0357,0.0,157.0,795.0,1080.0
2021-10-06 00:53:46,0.02,0.0357,-1.0,157.0,795.0,1080.0
2021-10-06 00:54:46,0.02,0.0357,0.0,157.0,795.0,1080.0
2021-10-06 00:55:46,0.02,0.0357,0.0,156.0,795.0,1080.0
2021-10-06 00:56:47,0.02,0.0358,0.0,157.0,795.0,1080.0
2021-10-06 00:57:47,0.02,0.0358,0.0,157.0,794.0,1080.0
2021-10-06 00:58:48,0.02,0.0357,-1.0,157.0,794.0,1080.0
2021-10-06 00:59:48,0.02,0.0358,0.0,157.0,794.0,1080.0
2021-10-06 01:00:49,0.02,0.0358,-1.0,156.0,794.0,1080.0
2021-10-06 01:01:49,0.02,0.0358,0.0,157.0,795.0,1080.0
2021-10-06 01:02:49,0.02,0.0359,-1.0,157.0,794.0,1080.0
2021-10-06 01:03:50,0.02,0.0359,0.0,157.0,795.0,1080.0
2021-10-06 01:04:51,0.02,0.0358,-1.0,157.0,795.0,1080.0
2021-10-06 01:05:51,0.02,0.0358,-1.0,157.0,794.0,1080.0
2021-10-06 01:06:52,0.02,0.0358,-1.0,157.0,795.0,1080.0
2021-10-06 01:07:52,0.02,0.0358,0.0,157.0,795.0,1080.0
2021-10-06 01:08:53,0.02,0.0358,0.0,157.0,795.0,1080.0
2021-10-06 01:09:53,0.02,0.0359,0.0,157.0,795.0,1080.0
2021-10-06 01:10:54,0.02,0.0359,0.0,156.0,794.0,1080.0
2021-10-06 01:11:54,0.02,0.0358,-1.0,157.0,795.0,1080.0
2021-10-06 01:12:55,0.02,0.0359,0.0,157.0,795.0,1080.0
2021-10-06 01:13:55,0.02,0.0359,0.0,157.0,795.0,1080.0
2021-10-06 01:14:56,0.02,0.0359,-1.0,156.0,795.0,1080.0
2021-10-06 01:15:56,0.02,0.0359,0.0,157.0,795.0,1080.0
2021-10-06 01:16:56,0.02,0.0359,0.0,156.0,794.0,1080.0
2021-10-06 01:17:57,0.02,0.0359,0.0,157.0,794.0,1080.0
2021-10-06 01:18:58,0.02,0.0359,0.0,157.0,794.0,1080.0
2021-10-06 01:19:58,0.02,0.0359,0.0,157.0,795.0,1080.0
2021-10-06 01:20:59,0.02,0.0359,0.0,157.0,795.0,1080.0
2021-10-06 01:21:59,0.02,0.0359,0.0,157.0,795.0,1080.0
2021-10-06 01:22:59,0.02,0.0359,0.0,157.0,795.0,1080.0
2021-10-06 01:24:00,0.02,0.0359,0.0,157.0,795.0,1080.0
2021-10-06 01:25:01,0.02,0.036,0.0,157.0,795.0,1080.0
2021-10-06 01:26:01,0.02,0.036,-1.0,157.0,795.0,1080.0
2021-10-06 01:27:01,0.02,0.036,0.0,157.0,795.0,1080.0
2021-10-06 01:28:02,0.02,0.036,0.0,157.0,795.0,1080.0
2021-10-06 01:29:02,0.02,0.036,-1.0,156.0,795.0,1080.0
2021-10-06 01:30:03,0.02,0.036,0.0,157.0,795.0,1080.0
2021-10-06 01:31:04,0.02,0.0361,0.0,157.0,796.0,1080.0
2021-10-06 01:32:04,0.02,0.0361,0.0,157.0,795.0,1080.0
2021-10-06 01:33:04,0.02,0.0361,-1.0,157.0,795.0,1080.0
2021-10-06 01:34:05,0.02,0.0361,-1.0,157.0,795.0,1080.0
2021-10-06 01:35:05,0.02,0.0361,-1.0,157.0,795.0,1080.0
2021-10-06 01:36:06,0.02,0.0362,-1.0,156.0,796.0,1080.0
2021-10-06 01:37:06,0.02,0.0362,-1.0,157.0,795.0,1080.0
2021-10-06 01:38:07,0.02,0.0362,0.0,156.0,795.0,1080.0
2021-10-06 01:39:07,0.02,0.0362,-1.0,156.0,795.0,1080.0
2021-10-06 01:40:08,0.02,0.0362,0.0,157.0,795.0,1080.0
2021-10-06 01:41:08,0.02,0.0362,-1.0,157.0,795.0,1080.0
2021-10-06 01:42:09,0.02,0.0362,0.0,157.0,794.0,1080.0
2021-10-06 01:43:09,0.02,0.0362,0.0,157.0,795.0,1080.0
2021-10-06 01:44:10,0.02,0.0362,0.0,156.0,795.0,1080.0
2021-10-06 01:45:10,0.02,0.0362,-1.0,157.0,795.0,1080.0
2021-10-06 01:46:11,0.02,0.0363,0.0,157.0,794.0,1080.0
2021-10-06 01:47:11,0.02,0.0363,-1.0,156.0,795.0,1080.0
2021-10-06 01:48:12,0.02,0.0363,0.0,157.0,795.0,1080.0
2021-10-06 01:49:12,0.02,0.0363,0.0,157.0,795.0,1080.0
2021-10-06 01:50:13,0.02,0.0363,-1.0,156.0,795.0,1080.0
2021-10-06 01:51:13,0.02,0.0363,-1.0,156.0,795.0,1080.0
2021-10-06 01:52:14,0.02,0.0363,-1.0,157.0,795.0,1080.0
2021-10-06 01:53:14,0.02,0.0363,-1.0,157.0,795.0,1080.0
2021-10-06 01:54:15,0.02,0.0363,0.0,156.0,795.0,1080.0
2021-10-06 01:55:15,0.02,0.0363,0.0,157.0,795.0,1080.0
2021-10-06 01:56:16,0.02,0.0363,0.0,156.0,795.0,1080.0
2021-10-06 01:57:16,0.02,0.0363,-1.0,157.0,795.0,1080.0
2021-10-06 01:58:17,0.02,0.0363,0.0,156.0,795.0,1080.0
2021-10-06 01:59:17,0.02,0.0364,-1.0,157.0,795.0,1080.0
2021-10-06 02:00:18,0.02,0.0363,-1.0,157.0,794.0,1080.0
2021-10-06 02:01:18,0.02,0.0363,-1.0,157.0,795.0,1080.0
2021-10-06 02:02:19,0.02,0.0364,-1.0,157.0,795.0,1080.0
2021-10-06 02:03:19,0.02,0.0363,-1.0,157.0,795.0,1080.0
2021-10-06 02:04:20,0.02,0.0363,-1.0,157.0,795.0,1080.0
2021-10-06 02:05:20,0.02,0.0364,0.0,157.0,795.0,1080.0
2021-10-06 02:06:21,0.02,0.0364,-1.0,157.0,795.0,1080.0
2021-10-06 02:07:21,0.02,0.0364,-1.0,157.0,795.0,1080.0
2021-10-06 02:08:21,0.02,0.0364,-1.0,157.0,795.0,1080.0
2021-10-06 02:09:22,0.02,0.0364,0.0,157.0,795.0,1080.0
2021-10-06 02:10:23,0.02,0.0365,0.0,156.0,795.0,1080.0
2021-10-06 02:11:23,0.02,0.0365,-1.0,157.0,795.0,1080.0
2021-10-06 02:12:23,0.02,0.0365,-1.0,157.0,794.0,1080.0
2021-10-06 02:13:24,0.02,0.0365,0.0,157.0,795.0,1080.0
2021-10-06 02:14:24,0.02,0.0365,0.0,156.0,795.0,1080.0
2021-10-06 02:15:25,0.02,0.0365,-1.0,157.0,795.0,1080.0
2021-10-06 02:16:25,0.02,0.0366,0.0,157.0,795.0,1080.0
2021-10-06 02:17:26,0.02,0.0365,-1.0,157.0,794.0,1080.0
2021-10-06 02:18:26,0.02,0.0366,-1.0,157.0,794.0,1080.0
2021-10-06 02:19:27,0.02,0.0366,-1.0,157.0,795.0,1080.0
2021-10-06 02:20:27,0.02,0.0366,0.0,156.0,794.0,1080.0
2021-10-06 02:21:28,0.02,0.0366,-1.0,156.0,794.0,1080.0
2021-10-06 02:22:28,0.02,0.0366,0.0,157.0,795.0,1080.0
2021-10-06 02:23:29,0.02,0.0366,-1.0,157.0,795.0,1080.0
2021-10-06 02:24:29,0.02,0.0366,0.0,157.0,795.0,1080.0
2021-10-06 02:25:30,0.02,0.0367,-1.0,157.0,795.0,1080.0
2021-10-06 02:26:30,0.02,0.0367,-1.0,157.0,796.0,1080.0
2021-10-06 02:27:31,0.02,0.0367,-1.0,157.0,795.0,1080.0
2021-10-06 02:28:31,0.02,0.0367,-1.0,157.0,794.0,1080.0
2021-10-06 02:29:32,0.02,0.0367,0.0,157.0,796.0,1080.0
2021-10-06 02:30:32,0.02,0.0367,0.0,156.0,794.0,1080.0
2021-10-06 02:31:33,0.02,0.0367,-1.0,157.0,794.0,1080.0
2021-10-06 02:32:33,0.02,0.0367,0.0,157.0,796.0,1080.0
2021-10-06 02:33:34,0.02,0.0367,0.0,156.0,795.0,1080.0
2021-10-06 02:34:34,0.02,0.0367,-1.0,157.0,795.0,1080.0
2021-10-06 02:35:35,0.02,0.0368,0.0,157.0,795.0,1080.0
2021-10-06 02:36:35,0.02,0.0367,0.0,157.0,795.0,1080.0
2021-10-06 02:37:36,0.02,0.0367,0.0,157.0,795.0,1080.0
2021-10-06 02:38:36,0.02,0.0367,-1.0,157.0,795.0,1080.0
2021-10-06 02:39:37,0.02,0.0367,0.0,157.0,796.0,1080.0
2021-10-06 02:40:37,0.02,0.0367,-1.0,156.0,795.0,1080.0
2021-10-06 02:41:37,0.02,0.0368,0.0,156.0,794.0,1080.0
2021-10-06 02:42:38,0.02,0.0367,-1.0,157.0,794.0,1080.0
2021-10-06 02:43:38,0.02,0.0368,-1.0,156.0,795.0,1080.0
2021-10-06 02:44:39,0.02,0.0368,-1.0,156.0,795.0,1080.0
2021-10-06 02:45:39,0.02,0.0368,0.0,157.0,795.0,1080.0
2021-10-06 02:46:40,0.02,0.0368,-1.0,157.0,795.0,1080.0
2021-10-06 02:47:40,0.02,0.0367,-1.0,157.0,794.0,1080.0
2021-10-06 02:48:41,0.02,0.0368,0.0,157.0,794.0,1080.0
2021-10-06 02:49:41,0.02,0.0368,0.0,157.0,795.0,1080.0
2021-10-06 02:50:42,0.02,0.0368,-1.0,157.0,795.0,1080.0
2021-10-06 02:51:42,0.02,0.0368,-1.0,157.0,795.0,1080.0
2021-10-06 02:52:43,0.02,0.0368,0.0,157.0,795.0,1080.0
2021-10-06 02:53:43,0.02,0.0369,0.0,156.0,795.0,1080.0
2021-10-06 02:54:43,0.02,0.0369,0.0,157.0,795.0,1080.0
2021-10-06 02:55:44,0.02,0.0368,-1.0,157.0,795.0,1080.0
2021-10-06 02:56:44,0.02,0.0369,0.0,157.0,796.0,1080.0
2021-10-06 02:57:45,0.02,0.0369,-1.0,157.0,795.0,1080.0
2021-10-06 02:58:45,0.02,0.0369,-1.0,157.0,795.0,1080.0
2021-10-06 02:59:46,0.02,0.0369,0.0,157.0,795.0,1080.0
2021-10-06 03:00:46,0.02,0.037,0.0,157.0,795.0,1080.0
2021-10-06 03:01:47,0.02,0.0369,-1.0,157.0,795.0,1080.0
2021-10-06 03:02:47,0.02,0.037,-1.0,156.0,795.0,1080.0
2021-10-06 03:03:48,0.02,0.037,-1.0,157.0,795.0,1080.0
2021-10-06 03:04:48,0.02,0.037,-1.0,156.0,794.0,1080.0
2021-10-06 03:05:49,0.02,0.037,0.0,157.0,795.0,1080.0
2021-10-06 03:06:50,0.02,0.0371,-1.0,157.0,795.0,1080.0
2021-10-06 03:07:50,0.02,0.0371,0.0,157.0,796.0,1080.0
2021-10-06 03:08:50,0.02,0.0371,0.0,157.0,795.0,1080.0
2021-10-06 03:09:51,0.02,0.0371,-1.0,156.0,794.0,1080.0
2021-10-06 03:10:51,0.02,0.0371,0.0,156.0,794.0,1080.0
2021-10-06 03:11:52,0.02,0.037,-1.0,157.0,794.0,1080.0
2021-10-06 03:12:52,0.02,0.037,0.0,157.0,794.0,1080.0
2021-10-06 03:13:53,0.02,0.0371,0.0,157.0,793.0,1080.0
2021-10-06 03:14:54,0.02,0.0371,-1.0,156.0,793.0,1080.0
2021-10-06 03:15:54,0.02,0.0371,-1.0,157.0,794.0,1080.0
2021-10-06 03:16:54,0.02,0.0371,-1.0,156.0,795.0,1080.0
2021-10-06 03:17:55,0.02,0.0371,0.0,157.0,795.0,1080.0
2021-10-06 03:18:56,0.02,0.0371,-1.0,157.0,795.0,1080.0
2021-10-06 03:19:56,0.02,0.0371,-1.0,157.0,794.0,1080.0
2021-10-06 03:20:57,0.02,0.0372,-1.0,157.0,795.0,1080.0
2021-10-06 03:21:57,0.02,0.0371,-1.0,157.0,795.0,1080.0
2021-10-06 03:22:58,0.02,0.0371,-1.0,157.0,795.0,1080.0
2021-10-06 03:23:58,0.02,0.0371,-1.0,157.0,795.0,1080.0
2021-10-06 03:24:59,0.02,0.0371,-1.0,157.0,794.0,1080.0
2021-10-06 03:25:59,0.02,0.0371,0.0,156.0,795.0,1080.0
2021-10-06 03:27:00,0.02,0.0371,-1.0,157.0,795.0,1080.0
2021-10-06 03:28:00,0.02,0.0371,-1.0,156.0,795.0,1080.0
2021-10-06 03:29:01,0.02,0.0371,-1.0,157.0,793.0,1080.0
2021-10-06 03:30:01,0.02,0.0371,-1.0,156.0,794.0,1080.0
2021-10-06 03:31:02,0.02,0.0371,0.0,157.0,794.0,1080.0
2021-10-06 03:32:03,0.02,0.0371,-1.0,156.0,794.0,1080.0
2021-10-06 03:33:03,0.02,0.0371,-1.0,157.0,792.0,1080.0
2021-10-06 03:34:04,0.02,0.0372,0.0,157.0,794.0,1080.0
2021-10-06 03:35:04,0.02,0.0372,-1.0,157.0,795.0,1080.0
2021-10-06 03:36:05,0.02,0.0372,0.0,157.0,795.0,1080.0
2021-10-06 03:37:05,0.02,0.0373,0.0,157.0,795.0,1080.0
2021-10-06 03:38:06,0.02,0.0372,-1.0,157.0,795.0,1080.0
2021-10-06 03:39:06,0.02,0.0372,-1.0,157.0,794.0,1080.0
2021-10-06 03:40:07,0.02,0.0372,-1.0,157.0,795.0,1080.0
2021-10-06 03:41:07,0.02,0.0373,-1.0,156.0,795.0,1080.0
2021-10-06 03:42:08,0.02,0.0373,-1.0,157.0,795.0,1080.0
2021-10-06 03:43:08,0.02,0.0373,-1.0,157.0,795.0,1080.0
2021-10-06 03:44:09,0.02,0.0374,-1.0,156.0,795.0,1080.0
2021-10-06 03:45:09,0.02,0.0374,0.0,157.0,795.0,1080.0
2021-10-06 03:46:10,0.02,0.0374,0.0,157.0,795.0,1080.0
2021-10-06 03:47:10,0.02,0.0374,-1.0,156.0,795.0,1080.0
2021-10-06 03:48:11,0.02,0.0374,0.0,157.0,795.0,1080.0
2021-10-06 03:49:11,0.02,0.0374,0.0,157.0,795.0,1080.0
2021-10-06 03:50:12,0.02,0.0374,0.0,157.0,795.0,1080.0
2021-10-06 03:51:13,0.02,0.0374,-1.0,157.0,795.0,1080.0
2021-10-06 03:52:13,0.02,0.0374,-1.0,157.0,793.0,1080.0
2021-10-06 03:53:14,0.02,0.0375,-1.0,156.0,793.0,1080.0
2021-10-06 03:54:14,0.02,0.0375,0.0,157.0,794.0,1080.0
2021-10-06 03:55:15,0.02,0.0375,-1.0,157.0,793.0,1080.0
2021-10-06 03:56:15,0.02,0.0374,0.0,156.0,794.0,1080.0
2021-10-06 03:57:16,0.02,0.0375,-1.0,157.0,793.0,1080.0
2021-10-06 03:58:16,0.02,0.0375,0.0,156.0,794.0,1080.0
2021-10-06 03:59:17,0.02,0.0375,-1.0,157.0,795.0,1080.0
2021-10-06 04:00:17,0.02,0.0375,0.0,157.0,795.0,1080.0
2021-10-06 04:01:18,0.02,0.0375,0.0,157.0,795.0,1080.0
2021-10-06 04:02:18,0.02,0.0375,0.0,156.0,796.0,1080.0
2021-10-06 04:03:19,0.02,0.0375,-1.0,157.0,794.0,1080.0
2021-10-06 04:04:19,0.02,0.0375,-1.0,157.0,795.0,1080.0
2021-10-06 04:05:20,0.02,0.0375,-1.0,156.0,796.0,1080.0
2021-10-06 04:06:20,0.02,0.0375,-1.0,156.0,794.0,1080.0
2021-10-06 04:07:21,0.02,0.0375,-1.0,157.0,795.0,1080.0
2021-10-06 04:08:21,0.02,0.0375,-1.0,157.0,795.0,1080.0
2021-10-06 04:09:22,0.02,0.0375,0.0,157.0,795.0,1080.0
2021-10-06 04:10:22,0.02,0.0375,-1.0,157.0,794.0,1080.0
2021-10-06 04:11:23,0.02,0.0375,-1.0,157.0,795.0,1080.0
2021-10-06 04:12:24,0.02,0.0375,-1.0,157.0,793.0,1080.0
2021-10-06 04:13:24,0.02,0.0375,-1.0,157.0,794.0,1080.0
2021-10-06 04:14:24,0.02,0.0375,0.0,157.0,794.0,1080.0
2021-10-06 04:15:25,0.02,0.0376,-1.0,156.0,794.0,1080.0
2021-10-06 04:16:25,0.02,0.0376,0.0,157.0,795.0,1080.0
2021-10-06 04:17:26,0.02,0.0375,-1.0,156.0,794.0,1080.0
2021-10-06 04:18:26,0.02,0.0376,-1.0,157.0,794.0,1080.0
2021-10-06 04:19:27,0.02,0.0375,-1.0,157.0,795.0,1080.0
2021-10-06 04:20:27,0.02,0.0376,-1.0,157.0,794.0,1080.0
2021-10-06 04:21:28,0.02,0.0377,-1.0,157.0,795.0,1080.0
2021-10-06 04:22:28,0.02,0.0377,0.0,157.0,795.0,1080.0
2021-10-06 04:23:29,0.02,0.0377,-1.0,157.0,795.0,1080.0
2021-10-06 04:24:30,0.02,0.0377,0.0,157.0,795.0,1080.0
2021-10-06 04:25:30,0.02,0.0377,-1.0,157.0,795.0,1080.0
2021-10-06 04:26:31,0.02,0.0378,-1.0,156.0,794.0,1080.0
2021-10-06 04:27:31,0.02,0.0377,-1.0,156.0,794.0,1080.0
2021-10-06 04:28:31,0.02,0.0378,-1.0,157.0,795.0,1080.0
2021-10-06 04:29:32,0.02,0.0378,-1.0,157.0,795.0,1080.0
2021-10-06 04:30:32,0.02,0.0378,0.0,157.0,795.0,1080.0
2021-10-06 04:31:33,0.02,0.0378,-1.0,157.0,795.0,1080.0
2021-10-06 04:32:34,0.02,0.0379,-1.0,156.0,794.0,1080.0
2021-10-06 04:33:34,0.02,0.0378,-1.0,157.0,794.0,1080.0
2021-10-06 04:34:35,0.02,0.0379,-1.0,157.0,794.0,1080.0
2021-10-06 04:35:35,0.02,0.0379,0.0,156.0,795.0,1080.0
2021-10-06 04:36:36,0.02,0.0379,0.0,156.0,795.0,1080.0
2021-10-06 04:37:36,0.02,0.0378,-1.0,157.0,793.0,1080.0
2021-10-06 04:38:37,0.02,0.0379,-1.0,157.0,793.0,1080.0
2021-10-06 04:39:37,0.02,0.0379,-1.0,156.0,794.0,1080.0
2021-10-06 04:40:38,0.02,0.0379,0.0,157.0,794.0,1080.0
2021-10-06 04:41:39,0.02,0.0379,0.0,157.0,795.0,1080.0
2021-10-06 04:42:39,0.02,0.0379,0.0,157.0,795.0,1080.0
2021-10-06 04:43:40,0.02,0.0379,0.0,157.0,795.0,1080.0
2021-10-06 04:44:40,0.02,0.0379,0.0,156.0,795.0,1080.0
2021-10-06 04:45:41,0.02,0.0379,0.0,157.0,795.0,1080.0
2021-10-06 04:46:41,0.02,0.0379,-1.0,157.0,795.0,1080.0
2021-10-06 04:47:42,0.02,0.0379,0.0,157.0,795.0,1080.0
2021-10-06 04:48:42,0.02,0.0379,0.0,157.0,794.0,1080.0
2021-10-06 04:49:42,0.02,0.0379,0.0,157.0,794.0,1080.0
2021-10-06 04:50:43,0.02,0.0379,0.0,157.0,795.0,1080.0
2021-10-06 04:51:44,0.02,0.0379,-1.0,157.0,794.0,1080.0
2021-10-06 04:52:44,0.02,0.0379,0.0,157.0,794.0,1080.0
2021-10-06 04:53:44,0.02,0.0379,-1.0,156.0,794.0,1080.0
2021-10-06 04:54:45,0.02,0.038,-1.0,157.0,794.0,1080.0
2021-10-06 04:55:46,0.02,0.0379,-1.0,156.0,794.0,1080.0
2021-10-06 04:56:46,0.02,0.0379,0.0,156.0,794.0,1080.0
2021-10-06 04:57:47,0.02,0.0379,-1.0,157.0,794.0,1080.0
2021-10-06 04:58:47,0.02,0.038,0.0,157.0,794.0,1080.0
2021-10-06 04:59:48,0.02,0.0379,0.0,157.0,794.0,1080.0
2021-10-06 05:00:48,0.02,0.038,0.0,157.0,794.0,1080.0
2021-10-06 05:01:49,0.02,0.038,0.0,157.0,794.0,1080.0
2021-10-06 05:02:49,0.02,0.038,0.0,157.0,795.0,1080.0
2021-10-06 05:03:50,0.02,0.038,-1.0,156.0,795.0,1080.0
2021-10-06 05:04:50,0.02,0.038,-1.0,157.0,794.0,1080.0
2021-10-06 05:05:51,0.02,0.038,0.0,157.0,796.0,1080.0
2021-10-06 05:06:51,0.02,0.0381,0.0,157.0,794.0,1080.0
2021-10-06 05:07:52,0.02,0.0381,0.0,156.0,795.0,1080.0
2021-10-06 05:08:53,0.02,0.0383,-1.0,157.0,794.0,1080.0
2021-10-06 05:09:53,0.02,0.0382,0.0,157.0,794.0,1080.0
2021-10-06 05:10:54,0.02,0.0382,-1.0,157.0,793.0,1080.0
2021-10-06 05:11:54,0.02,0.0382,0.0,157.0,794.0,1080.0
2021-10-06 05:12:54,0.02,0.0382,-1.0,157.0,793.0,1080.0
2021-10-06 05:13:55,0.02,0.0383,0.0,157.0,793.0,1080.0
2021-10-06 05:14:55,0.02,0.0383,0.0,157.0,794.0,1080.0
2021-10-06 05:15:56,0.02,0.0383,0.0,157.0,794.0,1080.0
2021-10-06 05:16:56,0.02,0.0383,0.0,156.0,794.0,1080.0
2021-10-06 05:17:57,0.02,0.0383,0.0,157.0,795.0,1080.0
2021-10-06 05:18:57,0.02,0.0383,-1.0,157.0,794.0,1080.0
2021-10-06 05:19:58,0.02,0.0383,0.0,157.0,794.0,1080.0
2021-10-06 05:20:58,0.02,0.0383,-1.0,157.0,794.0,1080.0
2021-10-06 05:21:59,0.02,0.0383,-1.0,157.0,794.0,1080.0
2021-10-06 05:22:59,0.02,0.0383,0.0,157.0,794.0,1080.0
2021-10-06 05:24:00,0.02,0.0383,-1.0,156.0,793.0,1080.0
2021-10-06 05:25:00,0.02,0.0383,-1.0,157.0,795.0,1080.0
2021-10-06 05:26:00,0.02,0.0383,-1.0,157.0,794.0,1080.0
2021-10-06 05:27:01,0.02,0.0383,0.0,157.0,793.0,1080.0
2021-10-06 05:28:01,0.02,0.0383,0.0,156.0,794.0,1080.0
2021-10-06 05:29:02,0.02,0.0383,0.0,156.0,795.0,1080.0
2021-10-06 05:30:02,0.02,0.0383,-1.0,157.0,793.0,1080.0
2021-10-06 05:31:03,0.02,0.0383,0.0,157.0,794.0,1080.0
2021-10-06 05:32:03,0.02,0.0383,0.0,157.0,794.0,1080.0
2021-10-06 05:33:04,0.02,0.0383,-1.0,156.0,794.0,1080.0
2021-10-06 05:34:04,0.02,0.0383,-1.0,156.0,795.0,1080.0
2021-10-06 05:35:05,0.02,0.0383,-1.0,157.0,794.0,1080.0
2021-10-06 05:36:05,0.02,0.0383,0.0,157.0,794.0,1080.0
2021-10-06 05:37:06,0.02,0.0384,0.0,156.0,794.0,1080.0
2021-10-06 05:38:06,0.02,0.0384,-1.0,157.0,794.0,1080.0
2021-10-06 05:39:07,0.02,0.0384,0.0,157.0,793.0,1080.0
2021-10-06 05:40:07,0.02,0.0384,0.0,157.0,794.0,1080.0
2021-10-06 05:41:08,0.02,0.0384,-1.0,157.0,794.0,1080.0
2021-10-06 05:42:08,0.02,0.0384,0.0,156.0,794.0,1080.0
2021-10-06 05:43:09,0.02,0.0385,-1.0,157.0,794.0,1080.0
2021-10-06 05:44:09,0.02,0.0385,0.0,156.0,794.0,1080.0
2021-10-06 05:45:10,0.02,0.0385,-1.0,156.0,793.0,1080.0
2021-10-06 05:46:10,0.02,0.0385,-1.0,157.0,794.0,1080.0
2021-10-06 05:47:11,0.02,0.0385,-1.0,157.0,794.0,1080.0
2021-10-06 05:48:11,0.02,0.0386,-1.0,157.0,793.0,1080.0
2021-10-06 05:49:12,0.02,0.0386,0.0,157.0,793.0,1080.0
2021-10-06 05:50:12,0.02,0.0386,-1.0,157.0,794.0,1080.0
2021-10-06 05:51:13,0.02,0.0386,0.0,157.0,795.0,1080.0
2021-10-06 05:52:13,0.02,0.0386,-1.0,157.0,793.0,1080.0
2021-10-06 05:53:13,0.02,0.0386,-1.0,157.0,794.0,1080.0
2021-10-06 05:54:14,0.02,0.0386,-1.0,157.0,795.0,1080.0
2021-10-06 05:55:14,0.02,0.0387,0.0,156.0,795.0,1080.0
2021-10-06 05:56:15,0.02,0.0387,0.0,157.0,794.0,1080.0
2021-10-06 05:57:16,0.02,0.0386,-1.0,157.0,794.0,1080.0
2021-10-06 05:58:16,0.02,0.0386,0.0,156.0,794.0,1080.0
2021-10-06 05:59:17,0.02,0.0386,0.0,157.0,794.0,1080.0
2021-10-06 06:00:18,0.02,0.0386,-1.0,156.0,794.0,1080.0
2021-10-06 06:01:18,0.02,0.0387,-1.0,156.0,794.0,1080.0
2021-10-06 06:02:19,0.02,0.0387,-1.0,156.0,794.0,1080.0
2021-10-06 06:03:19,0.02,0.0387,0.0,157.0,794.0,1080.0
2021-10-06 06:04:20,0.02,0.0387,-1.0,157.0,793.0,1080.0
2021-10-06 06:05:20,0.02,0.0386,0.0,157.0,794.0,1080.0
2021-10-06 06:06:21,0.02,0.0387,-1.0,157.0,794.0,1080.0
2021-10-06 06:07:21,0.02,0.0387,0.0,157.0,795.0,1080.0
2021-10-06 06:08:22,0.02,0.0387,0.0,156.0,793.0,1080.0
2021-10-06 06:09:22,0.02,0.0387,0.0,156.0,794.0,1080.0
2021-10-06 06:10:23,0.02,0.0387,-1.0,156.0,794.0,1080.0
2021-10-06 06:11:23,0.02,0.0387,-1.0,156.0,795.0,1080.0
2021-10-06 06:12:24,0.02,0.0387,-1.0,157.0,793.0,1080.0
2021-10-06 06:13:24,0.02,0.0387,0.0,157.0,794.0,1080.0
2021-10-06 06:14:25,0.02,0.0387,0.0,156.0,794.0,1080.0
2021-10-06 06:15:25,0.02,0.0387,0.0,156.0,794.0,1080.0
2021-10-06 06:16:26,0.02,0.0387,0.0,157.0,794.0,1080.0
2021-10-06 06:17:26,0.02,0.0387,0.0,157.0,793.0,1080.0
2021-10-06 06:18:26,0.02,0.0387,-1.0,157.0,793.0,1080.0
2021-10-06 06:19:27,0.02,0.0387,0.0,156.0,795.0,1080.0
2021-10-06 06:20:27,0.02,0.0387,-1.0,156.0,794.0,1080.0
2021-10-06 06:21:28,0.02,0.0388,-1.0,157.0,794.0,1080.0
2021-10-06 06:22:29,0.02,0.0387,0.0,157.0,794.0,1080.0
2021-10-06 06:23:29,0.02,0.0387,0.0,157.0,794.0,1080.0
2021-10-06 06:24:30,0.02,0.0388,0.0,157.0,794.0,1080.0
2021-10-06 06:25:30,0.02,0.0388,0.0,156.0,794.0,1080.0
2021-10-06 06:26:30,0.02,0.0388,0.0,157.0,794.0,1080.0
2021-10-06 06:27:31,0.02,0.0388,0.0,157.0,794.0,1080.0
2021-10-06 06:28:31,0.02,0.0388,0.0,156.0,795.0,1080.0
2021-10-06 06:29:32,0.02,0.0389,-1.0,157.0,794.0,1080.0
2021-10-06 06:30:32,0.02,0.0389,-1.0,157.0,794.0,1080.0
2021-10-06 06:31:33,0.02,0.0389,0.0,157.0,794.0,1080.0
2021-10-06 06:32:33,0.02,0.0389,-1.0,157.0,795.0,1080.0
2021-10-06 06:33:34,0.02,0.0389,0.0,157.0,794.0,1080.0
2021-10-06 06:34:34,0.02,0.0389,0.0,157.0,794.0,1080.0
2021-10-06 06:35:35,0.02,0.039,-1.0,156.0,795.0,1080.0
2021-10-06 06:36:35,0.02,0.039,-1.0,156.0,794.0,1080.0
2021-10-06 06:37:36,0.02,0.039,0.0,156.0,794.0,1080.0
2021-10-06 06:38:36,0.02,0.039,0.0,156.0,794.0,1080.0
2021-10-06 06:39:37,0.02,0.039,0.0,156.0,795.0,1080.0
2021-10-06 06:40:37,0.02,0.039,-1.0,157.0,793.0,1080.0
2021-10-06 06:41:37,0.02,0.039,0.0,157.0,794.0,1080.0
2021-10-06 06:42:38,0.02,0.039,0.0,156.0,794.0,1080.0
2021-10-06 06:43:38,0.02,0.039,-1.0,156.0,794.0,1080.0
2021-10-06 06:44:39,0.02,0.039,0.0,156.0,795.0,1080.0
2021-10-06 06:45:39,0.02,0.039,0.0,157.0,794.0,1080.0
2021-10-06 06:46:40,0.02,0.039,0.0,157.0,793.0,1080.0
2021-10-06 06:47:40,0.02,0.039,0.0,157.0,794.0,1080.0
2021-10-06 06:48:41,0.02,0.039,0.0,157.0,794.0,1080.0
2021-10-06 06:49:41,0.02,0.039,0.0,156.0,794.0,1080.0
2021-10-06 06:50:42,0.02,0.039,0.0,156.0,794.0,1080.0
2021-10-06 06:51:42,0.02,0.039,-1.0,156.0,793.0,1080.0
2021-10-06 06:52:43,0.02,0.039,-1.0,157.0,794.0,1080.0
2021-10-06 06:53:43,0.02,0.039,-1.0,157.0,794.0,1080.0
2021-10-06 06:54:44,0.02,0.039,0.0,156.0,794.0,1080.0
2021-10-06 06:55:44,0.02,0.039,0.0,157.0,795.0,1080.0
2021-10-06 06:56:44,0.02,0.039,0.0,157.0,795.0,1080.0
2021-10-06 06:57:45,0.02,0.0391,0.0,156.0,794.0,1080.0
2021-10-06 06:58:45,0.02,0.0391,0.0,157.0,794.0,1080.0
2021-10-06 06:59:46,0.02,0.0391,-1.0,157.0,794.0,1080.0
2021-10-06 07:00:47,0.02,0.0391,-1.0,156.0,793.0,1080.0
2021-10-06 07:01:47,0.02,0.0391,0.0,156.0,794.0,1080.0
2021-10-06 07:02:48,0.02,0.0391,0.0,157.0,794.0,1080.0
2021-10-06 07:03:48,0.02,0.0391,0.0,156.0,795.0,1080.0
2021-10-06 07:04:49,0.02,0.0392,-1.0,157.0,794.0,1080.0
2021-10-06 07:05:49,0.02,0.0392,0.0,156.0,794.0,1080.0
2021-10-06 07:06:50,0.02,0.0391,-1.0,157.0,794.0,1080.0
2021-10-06 07:07:50,0.02,0.0392,-1.0,156.0,794.0,1080.0
2021-10-06 07:08:51,0.02,0.0392,-1.0,156.0,794.0,1080.0
2021-10-06 07:09:51,0.02,0.0392,0.0,157.0,795.0,1080.0
2021-10-06 07:10:51,0.02,0.0393,-1.0,156.0,794.0,1080.0
2021-10-06 07:11:52,0.02,0.0393,0.0,157.0,794.0,1080.0
2021-10-06 07:12:52,0.02,0.0393,0.0,157.0,794.0,1080.0
2021-10-06 07:13:53,0.02,0.0394,0.0,157.0,793.0,1080.0
2021-10-06 07:14:53,0.02,0.0393,-1.0,157.0,794.0,1080.0
2021-10-06 07:15:53,0.02,0.0394,0.0,156.0,794.0,1080.0
2021-10-06 07:16:54,0.02,0.0394,0.0,157.0,795.0,1080.0
2021-10-06 07:17:54,0.02,0.0394,0.0,157.0,794.0,1080.0
2021-10-06 07:18:55,0.02,0.0394,0.0,157.0,794.0,1080.0
2021-10-06 07:19:55,0.02,0.0394,0.0,157.0,794.0,1080.0
2021-10-06 07:20:56,0.02,0.0394,-1.0,156.0,794.0,1080.0
2021-10-06 07:21:56,0.02,0.0394,0.0,156.0,794.0,1080.0
2021-10-06 07:22:57,0.02,0.0395,-1.0,156.0,794.0,1080.0
2021-10-06 07:23:57,0.02,0.0394,0.0,156.0,794.0,1080.0
2021-10-06 07:24:58,0.02,0.0395,-1.0,157.0,793.0,1080.0
2021-10-06 07:25:58,0.02,0.0394,-1.0,156.0,794.0,1080.0
2021-10-06 07:26:59,0.02,0.0394,0.0,157.0,794.0,1080.0
2021-10-06 07:27:59,0.02,0.0395,0.0,157.0,794.0,1080.0
2021-10-06 07:29:00,0.02,0.0395,-1.0,157.0,794.0,1080.0
2021-10-06 07:30:00,0.02,0.0394,0.0,157.0,794.0,1080.0
2021-10-06 07:31:00,0.02,0.0395,0.0,157.0,794.0,1080.0
2021-10-06 07:32:01,0.02,0.0395,0.0,156.0,794.0,1080.0
2021-10-06 07:33:01,0.02,0.0395,-1.0,156.0,794.0,1080.0
2021-10-06 07:34:02,0.02,0.0395,-1.0,157.0,794.0,1080.0
2021-10-06 07:35:02,0.02,0.0394,0.0,156.0,794.0,1080.0
2021-10-06 07:36:03,0.02,0.0394,0.0,156.0,794.0,1080.0
2021-10-06 07:37:03,0.02,0.0394,-1.0,157.0,794.0,1080.0
2021-10-06 07:38:04,0.02,0.0394,0.0,157.0,794.0,1080.0
2021-10-06 07:39:04,0.02,0.0395,0.0,157.0,795.0,1080.0
2021-10-06 07:40:05,0.02,0.0395,0.0,157.0,794.0,1080.0
2021-10-06 07:41:05,0.02,0.0395,0.0,156.0,793.0,1080.0
2021-10-06 07:42:06,0.02,0.0395,0.0,157.0,794.0,1080.0
2021-10-06 07:43:06,0.02,0.0396,-1.0,156.0,794.0,1080.0
2021-10-06 07:44:07,0.02,0.0396,0.0,156.0,794.0,1080.0
2021-10-06 07:45:07,0.02,0.0395,-1.0,156.0,794.0,1080.0
2021-10-06 07:46:08,0.02,0.0395,0.0,157.0,794.0,1080.0
2021-10-06 07:47:08,0.02,0.0396,0.0,157.0,793.0,1080.0
2021-10-06 07:48:08,0.02,0.0396,-1.0,157.0,794.0,1080.0
2021-10-06 07:49:09,0.02,0.0396,0.0,157.0,794.0,1080.0
2021-10-06 07:50:09,0.02,0.0396,-1.0,157.0,794.0,1080.0
2021-10-06 07:51:10,0.02,0.0397,0.0,157.0,794.0,1080.0
2021-10-06 07:52:10,0.02,0.0396,0.0,157.0,794.0,1080.0
2021-10-06 07:53:11,0.02,0.0397,0.0,157.0,793.0,1080.0
2021-10-06 07:54:11,0.02,0.0397,0.0,157.0,794.0,1080.0
2021-10-06 07:55:12,0.02,0.0396,-1.0,157.0,794.0,1080.0
2021-10-06 07:56:12,0.02,0.0397,-1.0,156.0,794.0,1080.0
2021-10-06 07:57:12,0.02,0.0397,0.0,157.0,794.0,1080.0
2021-10-06 07:58:13,0.02,0.0398,0.0,156.0,794.0,1080.0
2021-10-06 07:59:13,0.02,0.0397,0.0,157.0,794.0,1080.0
2021-10-06 08:00:14,0.02,0.0397,-1.0,156.0,794.0,1080.0
2021-10-06 08:01:14,0.02,0.0397,-1.0,157.0,794.0,1080.0
2021-10-06 08:02:15,0.02,0.0398,-1.0,156.0,793.0,1080.0
2021-10-06 08:03:15,0.02,0.0398,0.0,157.0,794.0,1080.0
2021-10-06 08:04:16,0.02,0.0399,-1.0,157.0,794.0,1080.0
2021-10-06 08:05:16,0.02,0.0399,0.0,157.0,794.0,1080.0
2021-10-06 08:06:17,0.02,0.0398,0.0,156.0,794.0,1080.0
2021-10-06 08:07:17,0.02,0.0398,-1.0,157.0,794.0,1080.0
2021-10-06 08:08:18,0.02,0.0399,-1.0,157.0,793.0,1080.0
2021-10-06 08:09:18,0.02,0.0399,-1.0,156.0,794.0,1080.0
2021-10-06 08:10:19,0.02,0.0399,0.0,157.0,795.0,1080.0
2021-10-06 08:11:19,0.02,0.0399,0.0,157.0,794.0,1080.0
2021-10-06 08:12:20,0.02,0.0399,0.0,156.0,794.0,1080.0
2021-10-06 08:13:20,0.02,0.0399,-1.0,157.0,793.0,1080.0
2021-10-06 08:14:20,0.02,0.0399,0.0,157.0,794.0,1080.0
2021-10-06 08:15:21,0.02,0.0399,-1.0,156.0,794.0,1080.0
2021-10-06 08:16:21,0.02,0.0399,0.0,156.0,794.0,1080.0
2021-10-06 08:17:22,0.02,0.0399,0.0,156.0,794.0,1080.0
2021-10-06 08:18:22,0.02,0.0399,-1.0,156.0,794.0,1080.0
2021-10-06 08:19:23,0.02,0.0399,0.0,156.0,794.0,1080.0
2021-10-06 08:20:23,0.02,0.0399,0.0,156.0,795.0,1080.0
2021-10-06 08:21:24,0.02,0.0399,0.0,157.0,794.0,1080.0
2021-10-06 08:22:24,0.02,0.0399,0.0,156.0,794.0,1080.0
2021-10-06 08:23:25,0.02,0.0399,0.0,157.0,794.0,1080.0
2021-10-06 08:24:25,0.02,0.0399,0.0,157.0,793.0,1080.0
2021-10-06 08:25:26,0.02,0.0399,0.0,156.0,794.0,1080.0
2021-10-06 08:26:26,0.02,0.0399,0.0,156.0,793.0,1080.0
2021-10-06 08:27:27,0.02,0.0399,0.0,156.0,794.0,1080.0
2021-10-06 08:28:27,0.02,0.04,0.0,157.0,792.0,1080.0
2021-10-06 08:29:28,0.02,0.0399,-1.0,156.0,793.0,1080.0
2021-10-06 08:30:28,0.02,0.04,-1.0,157.0,793.0,1080.0
2021-10-06 08:31:29,0.02,0.04,-1.0,156.0,793.0,1080.0
2021-10-06 08:32:29,0.02,0.04,0.0,157.0,794.0,1080.0
2021-10-06 08:33:30,0.02,0.04,0.0,156.0,794.0,1080.0
2021-10-06 08:34:30,0.02,0.0401,0.0,157.0,794.0,1080.0
2021-10-06 08:35:31,0.02,0.0401,0.0,156.0,794.0,1080.0
2021-10-06 08:36:31,0.02,0.0401,0.0,157.0,794.0,1080.0
2021-10-06 08:37:32,0.02,0.0401,0.0,156.0,793.0,1080.0
2021-10-06 08:38:32,0.02,0.0401,0.0,156.0,795.0,1080.0
2021-10-06 08:39:33,0.02,0.0401,0.0,156.0,794.0,1080.0
2021-10-06 08:40:33,0.02,0.0401,-1.0,157.0,794.0,1080.0
2021-10-06 08:41:34,0.02,0.0401,0.0,157.0,794.0,1080.0
2021-10-06 08:42:34,0.02,0.0401,0.0,156.0,793.0,1080.0
2021-10-06 08:43:35,0.02,0.0402,0.0,157.0,794.0,1080.0
2021-10-06 08:44:36,0.02,0.0402,0.0,157.0,794.0,1080.0
2021-10-06 08:45:36,0.02,0.0402,0.0,156.0,794.0,1080.0
2021-10-06 08:46:36,0.02,0.0402,0.0,157.0,794.0,1080.0
2021-10-06 08:47:37,0.02,0.0403,0.0,156.0,794.0,1080.0
2021-10-06 08:48:37,0.02,0.0403,0.0,156.0,793.0,1080.0
2021-10-06 08:49:38,0.02,0.0402,0.0,156.0,794.0,1080.0
2021-10-06 08:50:38,0.02,0.0403,-1.0,156.0,792.0,1080.0
2021-10-06 08:51:39,0.02,0.0402,0.0,156.0,794.0,1080.0
2021-10-06 08:52:39,0.02,0.0402,-1.0,157.0,793.0,1080.0
2021-10-06 08:53:40,0.02,0.0403,0.0,156.0,794.0,1080.0
2021-10-06 08:54:41,0.02,0.0403,-1.0,156.0,794.0,1080.0
2021-10-06 08:55:41,0.02,0.0403,-1.0,157.0,793.0,1080.0
2021-10-06 08:56:41,0.02,0.0403,0.0,157.0,794.0,1080.0
2021-10-06 08:57:42,0.02,0.0403,0.0,157.0,795.0,1080.0
2021-10-06 08:58:42,0.02,0.0403,0.0,156.0,794.0,1080.0
2021-10-06 08:59:42,0.02,0.0403,0.0,157.0,794.0,1080.0
2021-10-06 09:00:43,0.02,0.0403,0.0,156.0,794.0,1080.0
2021-10-06 09:01:43,0.02,0.0403,-1.0,156.0,794.0,1080.0
2021-10-06 09:02:44,0.02,0.0403,0.0,157.0,794.0,1080.0
2021-10-06 09:03:45,0.02,0.0403,-1.0,156.0,794.0,1080.0
2021-10-06 09:04:45,0.02,0.0403,-1.0,156.0,792.0,1080.0
2021-10-06 09:05:46,0.02,0.0403,0.0,156.0,794.0,1080.0
2021-10-06 09:06:46,0.02,0.0403,0.0,156.0,794.0,1080.0
2021-10-06 09:07:47,0.02,0.0403,0.0,157.0,793.0,1080.0
2021-10-06 09:08:47,0.02,0.0403,-1.0,156.0,794.0,1080.0
2021-10-06 09:09:48,0.02,0.0403,0.0,156.0,794.0,1080.0
2021-10-06 09:10:48,0.02,0.0404,-1.0,156.0,794.0,1080.0
2021-10-06 09:11:49,0.02,0.0403,0.0,156.0,794.0,1080.0
2021-10-06 09:12:49,0.02,0.0404,0.0,156.0,794.0,1080.0
2021-10-06 09:13:50,0.02,0.0404,-1.0,156.0,794.0,1080.0
2021-10-06 09:14:50,0.02,0.0404,0.0,156.0,794.0,1080.0
2021-10-06 09:15:51,0.02,0.0404,-1.0,156.0,794.0,1080.0
2021-10-06 09:16:51,0.02,0.0404,-1.0,156.0,794.0,1080.0
2021-10-06 09:17:52,0.02,0.0405,0.0,156.0,794.0,1080.0
2021-10-06 09:18:52,0.02,0.0405,0.0,156.0,794.0,1080.0
2021-10-06 09:19:53,0.02,0.0405,-1.0,156.0,794.0,1080.0
2021-10-06 09:20:53,0.02,0.0405,0.0,156.0,794.0,1080.0
2021-10-06 09:21:54,0.02,0.0406,-1.0,156.0,794.0,1080.0
2021-10-06 09:22:54,0.02,0.0406,-1.0,157.0,793.0,1080.0
2021-10-06 09:23:55,0.02,0.0406,-1.0,157.0,794.0,1080.0
2021-10-06 09:24:55,0.02,0.0406,0.0,157.0,794.0,1080.0
2021-10-06 09:25:56,0.02,0.0406,0.0,157.0,795.0,1080.0
2021-10-06 09:26:56,0.02,0.0406,-1.0,156.0,794.0,1080.0
2021-10-06 09:27:57,0.02,0.0406,-1.0,157.0,794.0,1080.0
2021-10-06 09:28:57,0.02,0.0406,0.0,157.0,794.0,1080.0
2021-10-06 09:29:58,0.02,0.0406,-1.0,156.0,794.0,1080.0
2021-10-06 09:30:59,0.02,0.0406,-1.0,156.0,792.0,1080.0
2021-10-06 09:31:59,0.02,0.0406,-1.0,157.0,794.0,1080.0
2021-10-06 09:32:59,0.02,0.0406,-1.0,157.0,795.0,1080.0
2021-10-06 09:34:00,0.02,0.0406,0.0,156.0,794.0,1080.0
2021-10-06 09:35:00,0.02,0.0407,-1.0,156.0,794.0,1080.0
2021-10-06 09:36:01,0.02,0.0406,0.0,156.0,794.0,1080.0
2021-10-06 09:37:01,0.02,0.0406,0.0,156.0,795.0,1080.0
2021-10-06 09:38:02,0.02,0.0406,-1.0,156.0,794.0,1080.0
2021-10-06 09:39:03,0.02,0.0406,-1.0,156.0,794.0,1080.0
2021-10-06 09:40:03,0.02,0.0407,-1.0,156.0,794.0,1080.0
2021-10-06 09:41:04,0.02,0.0406,0.0,157.0,793.0,1080.0
2021-10-06 09:42:04,0.02,0.0407,0.0,157.0,794.0,1080.0
2021-10-06 09:43:05,0.02,0.0406,-1.0,156.0,794.0,1080.0
2021-10-06 09:44:05,0.02,0.0406,0.0,156.0,794.0,1080.0
2021-10-06 09:45:06,0.02,0.0406,0.0,156.0,794.0,1080.0
2021-10-06 09:46:06,0.02,0.0407,0.0,157.0,794.0,1080.0
2021-10-06 09:47:07,0.02,0.0408,0.0,157.0,794.0,1080.0
2021-10-06 09:48:07,0.02,0.0407,-1.0,157.0,794.0,1080.0
2021-10-06 09:49:08,0.02,0.0408,-1.0,157.0,795.0,1080.0
2021-10-06 09:50:08,0.02,0.0407,0.0,156.0,794.0,1080.0
2021-10-06 09:51:09,0.02,0.0407,-1.0,157.0,795.0,1080.0
2021-10-06 09:52:09,0.02,0.0408,-1.0,157.0,794.0,1080.0
2021-10-06 09:53:10,0.02,0.0408,0.0,156.0,794.0,1080.0
2021-10-06 09:54:10,0.02,0.0408,-1.0,156.0,794.0,1080.0
2021-10-06 09:55:11,0.02,0.0408,-1.0,156.0,794.0,1080.0
2021-10-06 09:56:11,0.02,0.0408,-1.0,157.0,793.0,1080.0
2021-10-06 09:57:12,0.02,0.0408,-1.0,156.0,794.0,1080.0
2021-10-06 09:58:12,0.02,0.0408,-1.0,156.0,794.0,1080.0
2021-10-06 09:59:12,0.02,0.0409,-1.0,156.0,794.0,1080.0
2021-10-06 10:00:13,0.02,0.0408,0.0,156.0,794.0,1080.0
2021-10-06 10:01:13,0.02,0.0409,0.0,157.0,794.0,1080.0
2021-10-06 10:02:14,0.02,0.0409,-1.0,157.0,794.0,1080.0
2021-10-06 10:03:15,0.02,0.0409,-1.0,156.0,794.0,1080.0
2021-10-06 10:04:15,0.02,0.041,0.0,157.0,794.0,1080.0
2021-10-06 10:05:16,0.02,0.041,0.0,156.0,794.0,1080.0
2021-10-06 10:06:16,0.02,0.0409,0.0,157.0,794.0,1080.0
2021-10-06 10:07:16,0.02,0.0411,0.0,156.0,794.0,1080.0
2021-10-06 10:08:17,0.02,0.041,-1.0,156.0,794.0,1080.0
2021-10-06 10:09:17,0.02,0.041,0.0,156.0,793.0,1080.0
2021-10-06 10:10:18,0.02,0.0411,0.0,156.0,795.0,1080.0
2021-10-06 10:11:18,0.02,0.041,0.0,157.0,794.0,1080.0
2021-10-06 10:12:19,0.02,0.0411,0.0,157.0,794.0,1080.0
2021-10-06 10:13:19,0.02,0.0411,0.0,157.0,793.0,1080.0
2021-10-06 10:14:20,0.02,0.0411,-1.0,156.0,794.0,1080.0
2021-10-06 10:15:20,0.02,0.0411,-1.0,156.0,793.0,1080.0
2021-10-06 10:16:21,0.02,0.0411,-1.0,156.0,794.0,1080.0
2021-10-06 10:17:21,0.02,0.0411,-1.0,156.0,794.0,1080.0
2021-10-06 10:18:22,0.02,0.0411,-1.0,157.0,793.0,1080.0
2021-10-06 10:19:22,0.02,0.0411,0.0,156.0,794.0,1080.0
2021-10-06 10:20:23,0.02,0.0411,-1.0,156.0,794.0,1080.0
2021-10-06 10:21:23,0.02,0.0411,-1.0,156.0,794.0,1080.0
2021-10-06 10:22:24,0.02,0.0411,0.0,157.0,794.0,1080.0
2021-10-06 10:23:24,0.02,0.0411,0.0,157.0,794.0,1080.0
2021-10-06 10:24:25,0.02,0.0411,0.0,156.0,794.0,1080.0
2021-10-06 10:25:25,0.02,0.0411,-1.0,156.0,794.0,1080.0
2021-10-06 10:26:26,0.02,0.0411,0.0,157.0,795.0,1080.0
2021-10-06 10:27:26,0.02,0.0411,-1.0,156.0,793.0,1080.0
2021-10-06 10:28:27,0.02,0.0411,0.0,157.0,795.0,1080.0
2021-10-06 10:29:27,0.02,0.0411,0.0,156.0,794.0,1080.0
2021-10-06 10:30:28,0.02,0.0411,0.0,157.0,795.0,1080.0
2021-10-06 10:31:28,0.02,0.0411,0.0,156.0,794.0,1080.0
2021-10-06 10:32:29,0.02,0.0411,0.0,156.0,793.0,1080.0
2021-10-06 10:33:29,0.02,0.0411,0.0,157.0,794.0,1080.0
2021-10-06 10:34:30,0.02,0.0411,0.0,156.0,795.0,1080.0
2021-10-06 10:35:30,0.02,0.0411,-1.0,157.0,794.0,1080.0
2021-10-06 10:36:31,0.02,0.0411,0.0,156.0,794.0,1080.0
2021-10-06 10:37:31,0.02,0.0411,-1.0,156.0,794.0,1080.0
2021-10-06 10:38:32,0.02,0.0412,0.0,157.0,794.0,1080.0
2021-10-06 10:39:32,0.02,0.0412,0.0,156.0,794.0,1080.0
2021-10-06 10:40:32,0.02,0.0412,-1.0,156.0,794.0,1080.0
2021-10-06 10:41:33,0.02,0.0412,0.0,156.0,794.0,1080.0
2021-10-06 10:42:34,0.02,0.0411,-1.0,156.0,794.0,1080.0
2021-10-06 10:43:34,0.02,0.0412,-1.0,156.0,794.0,1080.0
2021-10-06 10:44:35,0.02,0.0411,-1.0,157.0,794.0,1080.0
2021-10-06 10:45:35,0.02,0.0411,-1.0,157.0,792.0,1080.0
2021-10-06 10:46:36,0.02,0.0412,0.0,156.0,794.0,1080.0
2021-10-06 10:47:36,0.02,0.0412,0.0,157.0,793.0,1080.0
2021-10-06 10:48:37,0.02,0.0412,-1.0,156.0,794.0,1080.0
2021-10-06 10:49:37,0.02,0.0412,-1.0,156.0,793.0,1080.0
2021-10-06 10:50:37,0.02,0.0413,0.0,156.0,794.0,1080.0
2021-10-06 10:51:38,0.02,0.0413,0.0,157.0,794.0,1080.0
2021-10-06 10:52:39,0.02,0.0413,-1.0,156.0,794.0,1080.0
2021-10-06 10:53:39,0.02,0.0413,0.0,157.0,793.0,1080.0
2021-10-06 10:54:39,0.02,0.0413,0.0,157.0,794.0,1080.0
2021-10-06 10:55:40,0.02,0.0413,-1.0,156.0,794.0,1080.0
2021-10-06 10:56:40,0.02,0.0413,0.0,157.0,794.0,1080.0
2021-10-06 10:57:41,0.02,0.0413,-1.0,156.0,794.0,1080.0
2021-10-06 10:58:41,0.02,0.0413,0.0,157.0,795.0,1080.0
2021-10-06 10:59:42,0.02,0.0413,-1.0,157.0,794.0,1080.0
2021-10-06 11:00:42,0.02,0.0413,-1.0,156.0,794.0,1080.0
2021-10-06 11:01:43,0.02,0.0413,-1.0,157.0,794.0,1080.0
2021-10-06 11:02:43,0.02,0.0413,0.0,156.0,794.0,1080.0
2021-10-06 11:03:44,0.02,0.0413,0.0,156.0,794.0,1080.0
2021-10-06 11:04:44,0.02,0.0413,0.0,157.0,794.0,1080.0
2021-10-06 11:05:45,0.02,0.0414,-1.0,156.0,795.0,1080.0
2021-10-06 11:06:45,0.02,0.0414,-1.0,157.0,794.0,1080.0
2021-10-06 11:07:46,0.02,0.0413,0.0,157.0,794.0,1080.0
2021-10-06 11:08:47,0.02,0.0414,0.0,157.0,794.0,1080.0
2021-10-06 11:09:47,0.02,0.0414,0.0,157.0,794.0,1080.0
2021-10-06 11:10:47,0.02,0.0414,0.0,157.0,794.0,1080.0
2021-10-06 11:11:48,0.02,0.0414,-1.0,157.0,794.0,1080.0
2021-10-06 11:12:48,0.02,0.0414,0.0,156.0,794.0,1080.0
2021-10-06 11:13:49,0.02,0.0414,0.0,156.0,793.0,1080.0
2021-10-06 11:14:49,0.02,0.0414,-1.0,157.0,794.0,1080.0
2021-10-06 11:15:50,0.02,0.0414,0.0,157.0,794.0,1080.0
2021-10-06 11:16:50,0.02,0.0414,-1.0,156.0,795.0,1080.0
2021-10-06 11:17:51,0.02,0.0415,-1.0,156.0,794.0,1080.0
2021-10-06 11:18:51,0.02,0.0415,0.0,156.0,795.0,1080.0
2021-10-06 11:19:52,0.02,0.0415,0.0,157.0,794.0,1080.0
2021-10-06 11:20:52,0.02,0.0415,0.0,157.0,794.0,1080.0
2021-10-06 11:21:53,0.02,0.0414,-1.0,156.0,794.0,1080.0
2021-10-06 11:22:53,0.02,0.0414,0.0,156.0,794.0,1080.0
2021-10-06 11:23:54,0.02,0.0415,-1.0,156.0,794.0,1080.0
2021-10-06 11:24:54,0.02,0.0414,0.0,157.0,794.0,1080.0
2021-10-06 11:25:54,0.02,0.0415,0.0,157.0,794.0,1080.0
2021-10-06 11:26:55,0.02,0.0415,0.0,157.0,794.0,1080.0
2021-10-06 11:27:55,0.02,0.0415,-1.0,157.0,794.0,1080.0
2021-10-06 11:28:56,0.02,0.0415,0.0,156.0,794.0,1080.0
2021-10-06 11:29:56,0.02,0.0415,0.0,157.0,794.0,1080.0
2021-10-06 11:30:57,0.02,0.0414,0.0,157.0,794.0,1080.0
2021-10-06 11:31:57,0.02,0.0415,0.0,156.0,794.0,1080.0
2021-10-06 11:32:58,0.02,0.0415,-1.0,156.0,795.0,1080.0
2021-10-06 11:33:58,0.02,0.0415,0.0,156.0,794.0,1080.0
2021-10-06 11:34:59,0.02,0.0415,-1.0,156.0,794.0,1080.0
2021-10-06 11:35:59,0.02,0.0415,-1.0,156.0,794.0,1080.0
2021-10-06 11:37:00,0.02,0.0415,-1.0,156.0,794.0,1080.0
2021-10-06 11:38:00,0.02,0.0416,-1.0,157.0,793.0,1080.0
2021-10-06 11:39:01,0.02,0.0415,-1.0,156.0,794.0,1080.0
2021-10-06 11:40:01,0.02,0.0416,0.0,157.0,794.0,1080.0
2021-10-06 11:41:01,0.02,0.0416,0.0,157.0,794.0,1080.0
2021-10-06 11:42:02,0.02,0.0415,0.0,157.0,794.0,1080.0
2021-10-06 11:43:02,0.02,0.0415,0.0,157.0,794.0,1080.0
2021-10-06 11:44:03,0.02,0.0416,0.0,157.0,794.0,1080.0
2021-10-06 11:45:03,0.02,0.0416,0.0,156.0,794.0,1080.0
2021-10-06 11:46:04,0.02,0.0416,0.0,157.0,794.0,1080.0
2021-10-06 11:47:04,0.02,0.0416,-1.0,156.0,794.0,1080.0
2021-10-06 11:48:05,0.02,0.0416,-1.0,156.0,794.0,1080.0
2021-10-06 11:49:05,0.02,0.0416,-1.0,157.0,794.0,1080.0
2021-10-06 11:50:06,0.02,0.0417,0.0,157.0,794.0,1080.0
2021-10-06 11:51:06,0.02,0.0417,0.0,156.0,794.0,1080.0
2021-10-06 11:52:07,0.02,0.0417,0.0,157.0,794.0,1080.0
2021-10-06 11:53:07,0.02,0.0417,0.0,156.0,794.0,1080.0
2021-10-06 11:54:08,0.02,0.0417,0.0,157.0,795.0,1080.0
2021-10-06 11:55:08,0.02,0.0417,-1.0,157.0,794.0,1080.0
2021-10-06 11:56:08,0.02,0.0417,-1.0,156.0,794.0,1080.0
2021-10-06 11:57:09,0.02,0.0418,-1.0,156.0,794.0,1080.0
2021-10-06 11:58:10,0.02,0.0418,0.0,157.0,794.0,1080.0
2021-10-06 11:59:10,0.02,0.0418,-1.0,156.0,794.0,1080.0
2021-10-06 12:00:11,0.02,0.0418,-1.0,156.0,794.0,1080.0
2021-10-06 12:01:11,0.02,0.0418,0.0,156.0,794.0,1080.0
2021-10-06 12:02:12,0.02,0.0418,0.0,156.0,794.0,1080.0
2021-10-06 12:03:12,0.02,0.0418,0.0,156.0,794.0,1080.0
2021-10-06 12:04:13,0.02,0.0418,0.0,157.0,794.0,1080.0
2021-10-06 12:05:13,0.02,0.0418,0.0,156.0,794.0,1080.0
2021-10-06 12:06:14,0.02,0.0418,-1.0,156.0,794.0,1080.0
2021-10-06 12:07:14,0.02,0.0418,0.0,156.0,794.0,1080.0
2021-10-06 12:08:15,0.02,0.0418,0.0,156.0,793.0,1080.0
2021-10-06 12:09:15,0.02,0.0418,-1.0,156.0,794.0,1080.0
2021-10-06 12:10:15,0.02,0.0418,-1.0,157.0,794.0,1080.0
2021-10-06 12:11:16,0.02,0.0419,0.0,157.0,794.0,1080.0
2021-10-06 12:12:16,0.02,0.0418,-1.0,156.0,794.0,1080.0
2021-10-06 12:13:17,0.02,0.0419,0.0,157.0,794.0,1080.0
2021-10-06 12:14:17,0.02,0.0419,0.0,156.0,794.0,1080.0
2021-10-06 12:15:18,0.02,0.0419,0.0,156.0,795.0,1080.0
2021-10-06 12:16:18,0.02,0.0418,-1.0,156.0,794.0,1080.0
2021-10-06 12:17:19,0.02,0.0418,-1.0,157.0,794.0,1080.0
2021-10-06 12:18:19,0.02,0.0419,-1.0,156.0,794.0,1080.0
2021-10-06 12:19:20,0.02,0.0419,0.0,156.0,794.0,1080.0
2021-10-06 12:20:20,0.02,0.0419,0.0,156.0,794.0,1080.0
2021-10-06 12:21:21,0.02,0.0419,-1.0,156.0,794.0,1080.0
2021-10-06 12:22:21,0.02,0.0419,-1.0,157.0,794.0,1080.0
2021-10-06 12:23:22,0.02,0.0419,-1.0,157.0,794.0,1080.0
2021-10-06 12:24:22,0.02,0.0419,0.0,156.0,794.0,1080.0
2021-10-06 12:25:22,0.02,0.042,-1.0,157.0,795.0,1080.0
2021-10-06 12:26:23,0.02,0.0419,-1.0,156.0,794.0,1080.0
2021-10-06 12:27:23,0.02,0.0419,0.0,156.0,794.0,1080.0
2021-10-06 12:28:24,0.02,0.0419,-1.0,156.0,794.0,1080.0
2021-10-06 12:29:24,0.02,0.042,0.0,156.0,795.0,1080.0
2021-10-06 12:30:25,0.02,0.042,-1.0,156.0,794.0,1080.0
2021-10-06 12:31:25,0.02,0.042,0.0,156.0,794.0,1080.0
2021-10-06 12:32:26,0.02,0.042,0.0,157.0,793.0,1080.0
2021-10-06 12:33:26,0.02,0.042,-1.0,156.0,794.0,1080.0
2021-10-06 12:34:27,0.02,0.042,-1.0,156.0,794.0,1080.0
2021-10-06 12:35:27,0.02,0.042,0.0,157.0,794.0,1080.0
2021-10-06 12:36:28,0.02,0.042,-1.0,157.0,794.0,1080.0
2021-10-06 12:37:28,0.02,0.0421,0.0,156.0,794.0,1080.0
2021-10-06 12:38:29,0.02,0.0421,0.0,156.0,794.0,1080.0
2021-10-06 12:39:29,0.02,0.0422,0.0,157.0,795.0,1080.0
2021-10-06 12:40:30,0.02,0.0421,-1.0,157.0,794.0,1080.0
2021-10-06 12:41:30,0.02,0.0421,-1.0,157.0,794.0,1080.0
2021-10-06 12:42:31,0.02,0.0422,-1.0,157.0,794.0,1080.0
2021-10-06 12:43:31,0.02,0.0422,0.0,156.0,794.0,1080.0
2021-10-06 12:44:32,0.02,0.0422,0.0,156.0,795.0,1080.0
2021-10-06 12:45:32,0.02,0.0422,-1.0,156.0,794.0,1080.0
2021-10-06 12:46:33,0.02,0.0422,0.0,157.0,794.0,1080.0
2021-10-06 12:47:33,0.02,0.0422,0.0,156.0,794.0,1080.0
2021-10-06 12:48:34,0.02,0.0422,-1.0,157.0,794.0,1080.0
2021-10-06 12:49:34,0.02,0.0422,-1.0,156.0,794.0,1080.0
2021-10-06 12:50:35,0.02,0.0423,-1.0,156.0,795.0,1080.0
2021-10-06 12:51:35,0.02,0.0423,-1.0,156.0,794.0,1080.0
2021-10-06 12:52:36,0.02,0.0423,-1.0,157.0,794.0,1080.0
2021-10-06 12:53:37,0.02,0.0422,-1.0,157.0,794.0,1080.0
2021-10-06 12:54:37,0.02,0.0423,0.0,156.0,794.0,1080.0
2021-10-06 12:55:38,0.02,0.0422,-1.0,156.0,794.0,1080.0
2021-10-06 12:56:38,0.02,0.0422,0.0,156.0,794.0,1080.0
2021-10-06 12:57:39,0.02,0.0422,-1.0,156.0,794.0,1080.0
2021-10-06 12:58:39,0.02,0.0423,-1.0,156.0,794.0,1080.0
2021-10-06 12:59:39,0.02,0.0423,0.0,157.0,794.0,1080.0
2021-10-06 13:00:40,0.02,0.0422,0.0,157.0,794.0,1080.0
2021-10-06 13:01:40,0.02,0.0423,0.0,156.0,794.0,1080.0
2021-10-06 13:02:41,0.02,0.0422,0.0,156.0,794.0,1080.0
2021-10-06 13:03:41,0.02,0.0423,0.0,156.0,794.0,1080.0
2021-10-06 13:04:42,0.02,0.0423,-1.0,156.0,794.0,1080.0
2021-10-06 13:05:42,0.02,0.0422,0.0,157.0,794.0,1080.0
2021-10-06 13:06:43,0.02,0.0423,0.0,157.0,795.0,1080.0
2021-10-06 13:07:43,0.02,0.0423,-1.0,157.0,794.0,1080.0
2021-10-06 13:08:44,0.02,0.0423,0.0,157.0,795.0,1080.0
2021-10-06 13:09:44,0.02,0.0423,0.0,156.0,794.0,1080.0
2021-10-06 13:10:45,0.02,0.0423,-1.0,157.0,794.0,1080.0
2021-10-06 13:11:45,0.02,0.0423,-1.0,156.0,794.0,1080.0
2021-10-06 13:12:46,0.02,0.0423,0.0,156.0,794.0,1080.0
2021-10-06 13:13:46,0.02,0.0423,-1.0,156.0,794.0,1080.0
2021-10-06 13:14:47,0.02,0.0423,-1.0,156.0,794.0,1080.0
2021-10-06 13:15:47,0.02,0.0423,0.0,156.0,794.0,1080.0
2021-10-06 13:16:48,0.02,0.0423,0.0,157.0,794.0,1080.0
2021-10-06 13:17:48,0.02,0.0424,0.0,157.0,794.0,1080.0
2021-10-06 13:18:49,0.02,0.0424,0.0,156.0,794.0,1080.0
2021-10-06 13:19:49,0.02,0.0424,-1.0,156.0,794.0,1080.0
2021-10-06 13:20:50,0.02,0.0424,0.0,157.0,794.0,1080.0
2021-10-06 13:21:50,0.02,0.0424,0.0,156.0,794.0,1080.0
2021-10-06 13:22:51,0.02,0.0425,0.0,156.0,794.0,1080.0
2021-10-06 13:23:52,0.02,0.0425,0.0,157.0,794.0,1080.0
2021-10-06 13:24:52,0.02,0.0425,0.0,156.0,794.0,1080.0
2021-10-06 13:25:52,0.02,0.0425,0.0,157.0,794.0,1080.0
2021-10-06 13:26:53,0.02,0.0425,-1.0,157.0,794.0,1080.0
2021-10-06 13:27:53,0.02,0.0425,0.0,157.0,795.0,1080.0
2021-10-06 13:28:54,0.02,0.0425,0.0,157.0,794.0,1080.0
2021-10-06 13:29:54,0.02,0.0425,-1.0,157.0,794.0,1080.0
2021-10-06 13:30:55,0.02,0.0425,-1.0,156.0,792.0,1080.0
2021-10-06 13:31:55,0.02,0.0426,0.0,156.0,794.0,1080.0
2021-10-06 13:32:56,0.02,0.0426,-1.0,156.0,794.0,1080.0
2021-10-06 13:33:56,0.02,0.0425,0.0,156.0,794.0,1080.0
2021-10-06 13:34:57,0.02,0.0426,-1.0,156.0,794.0,1080.0
2021-10-06 13:35:57,0.02,0.0426,-1.0,157.0,793.0,1080.0
2021-10-06 13:36:58,0.02,0.0426,-1.0,156.0,794.0,1080.0
2021-10-06 13:37:59,0.02,0.0426,-1.0,156.0,794.0,1080.0
2021-10-06 13:38:59,0.02,0.0427,0.0,157.0,794.0,1080.0
2021-10-06 13:39:59,0.02,0.0426,-1.0,157.0,794.0,1080.0
2021-10-06 13:41:00,0.02,0.0426,0.0,156.0,794.0,1080.0
2021-10-06 13:42:00,0.02,0.0426,0.0,156.0,795.0,1080.0
2021-10-06 13:43:01,0.02,0.0425,-1.0,156.0,794.0,1080.0
2021-10-06 13:44:01,0.02,0.0426,-1.0,157.0,794.0,1080.0
2021-10-06 13:45:02,0.02,0.0426,0.0,157.0,795.0,1080.0
2021-10-06 13:46:02,0.02,0.0426,-1.0,156.0,794.0,1080.0
2021-10-06 13:47:03,0.02,0.0425,0.0,157.0,795.0,1080.0
2021-10-06 13:48:03,0.02,0.0425,-1.0,157.0,793.0,1080.0
2021-10-06 13:49:04,0.02,0.0426,0.0,157.0,794.0,1080.0
2021-10-06 13:50:04,0.02,0.0427,-1.0,157.0,793.0,1080.0
2021-10-06 13:51:05,0.02,0.0427,0.0,157.0,794.0,1080.0
2021-10-06 13:52:05,0.02,0.0427,-1.0,156.0,794.0,1080.0
2021-10-06 13:53:05,0.02,0.0427,-1.0,156.0,794.0,1080.0
2021-10-06 13:54:06,0.02,0.0427,0.0,157.0,794.0,1080.0
2021-10-06 13:55:06,0.02,0.0427,0.0,157.0,794.0,1080.0
2021-10-06 13:56:07,0.02,0.0426,0.0,157.0,794.0,1080.0
2021-10-06 13:57:08,0.02,0.0427,0.0,157.0,794.0,1080.0
2021-10-06 13:58:08,0.02,0.0427,-1.0,157.0,794.0,1080.0
2021-10-06 13:59:09,0.02,0.0428,0.0,157.0,794.0,1080.0
2021-10-06 14:00:09,0.02,0.0427,0.0,157.0,794.0,1080.0
2021-10-06 14:01:09,0.02,0.0427,0.0,157.0,794.0,1080.0
2021-10-06 14:02:10,0.02,0.0428,0.0,156.0,794.0,1080.0
2021-10-06 14:03:10,0.02,0.0428,-1.0,157.0,794.0,1080.0
2021-10-06 14:04:11,0.02,0.0428,0.0,157.0,794.0,1080.0
2021-10-06 14:05:11,0.02,0.0428,0.0,157.0,794.0,1080.0
2021-10-06 14:06:12,0.02,0.0428,-1.0,157.0,794.0,1080.0
2021-10-06 14:07:12,0.02,0.0428,-1.0,157.0,794.0,1080.0
2021-10-06 14:08:13,0.02,0.0428,0.0,157.0,793.0,1080.0
2021-10-06 14:09:13,0.02,0.0429,-1.0,156.0,793.0,1080.0
2021-10-06 14:10:14,0.02,0.0429,-1.0,156.0,795.0,1080.0
2021-10-06 14:11:14,0.02,0.0429,-1.0,157.0,794.0,1080.0
2021-10-06 14:12:15,0.02,0.0428,-1.0,156.0,794.0,1080.0
2021-10-06 14:13:16,0.02,0.0429,0.0,156.0,794.0,1080.0
2021-10-06 14:14:16,0.02,0.043,0.0,157.0,794.0,1080.0
2021-10-06 14:15:17,0.02,0.043,0.0,157.0,794.0,1080.0
2021-10-06 14:16:17,0.02,0.043,-1.0,157.0,794.0,1080.0
2021-10-06 14:17:18,0.02,0.043,-1.0,156.0,794.0,1080.0
2021-10-06 14:18:18,0.02,0.0429,-1.0,157.0,794.0,1080.0
2021-10-06 14:19:18,0.02,0.043,-1.0,156.0,794.0,1080.0
2021-10-06 14:20:19,0.02,0.043,0.0,156.0,794.0,1080.0
2021-10-06 14:21:19,0.02,0.043,-1.0,156.0,795.0,1080.0
2021-10-06 14:22:20,0.02,0.0429,-1.0,157.0,793.0,1080.0
2021-10-06 14:23:20,0.02,0.043,0.0,156.0,793.0,1080.0
2021-10-06 14:24:21,0.02,0.043,0.0,157.0,794.0,1080.0
2021-10-06 14:25:21,0.02,0.043,0.0,156.0,794.0,1080.0
2021-10-06 14:26:21,0.02,0.043,0.0,157.0,793.0,1080.0
2021-10-06 14:27:22,0.02,0.043,0.0,156.0,794.0,1080.0
2021-10-06 14:28:22,0.02,0.043,0.0,156.0,794.0,1080.0
2021-10-06 14:29:23,0.02,0.043,0.0,156.0,794.0,1080.0
2021-10-06 14:30:23,0.02,0.043,0.0,156.0,793.0,1080.0
2021-10-06 14:31:24,0.02,0.043,0.0,157.0,794.0,1080.0
2021-10-06 14:32:24,0.02,0.043,0.0,157.0,793.0,1080.0
2021-10-06 14:33:25,0.02,0.043,0.0,156.0,794.0,1080.0
2021-10-06 14:34:25,0.02,0.043,0.0,157.0,794.0,1080.0
2021-10-06 14:35:25,0.02,0.043,-1.0,157.0,794.0,1080.0
2021-10-06 14:36:26,0.02,0.043,-1.0,156.0,794.0,1080.0
2021-10-06 14:37:26,0.02,0.043,0.0,157.0,794.0,1080.0
2021-10-06 14:38:27,0.02,0.043,0.0,157.0,793.0,1080.0
2021-10-06 14:39:28,0.02,0.043,0.0,156.0,794.0,1080.0
2021-10-06 14:40:28,0.02,0.043,-1.0,156.0,794.0,1080.0
2021-10-06 14:41:28,0.02,0.043,-1.0,156.0,794.0,1080.0
2021-10-06 14:42:29,0.02,0.043,0.0,156.0,794.0,1080.0
2021-10-06 14:43:29,0.02,0.043,0.0,156.0,794.0,1080.0
2021-10-06 14:44:30,0.02,0.043,0.0,156.0,794.0,1080.0
2021-10-06 14:45:30,0.02,0.0431,0.0,156.0,795.0,1080.0
2021-10-06 14:46:31,0.02,0.0432,0.0,156.0,794.0,1080.0
2021-10-06 14:47:31,0.02,0.0431,0.0,156.0,793.0,1080.0
2021-10-06 14:48:32,0.02,0.0431,0.0,157.0,794.0,1080.0
2021-10-06 14:49:32,0.02,0.0432,-1.0,157.0,794.0,1080.0
2021-10-06 14:50:33,0.02,0.0432,0.0,156.0,794.0,1080.0
2021-10-06 14:51:33,0.02,0.0432,-1.0,156.0,794.0,1080.0
2021-10-06 14:52:33,0.02,0.0432,0.0,156.0,794.0,1080.0
2021-10-06 14:53:34,0.02,0.0433,0.0,156.0,794.0,1080.0
2021-10-06 14:54:35,0.02,0.0432,0.0,157.0,794.0,1080.0
2021-10-06 14:55:35,0.02,0.0432,0.0,157.0,794.0,1080.0
2021-10-06 14:56:35,0.02,0.0433,-1.0,157.0,793.0,1080.0
2021-10-06 14:57:36,0.02,0.0433,0.0,156.0,794.0,1080.0
2021-10-06 14:58:37,0.02,0.0433,-1.0,156.0,794.0,1080.0
2021-10-06 14:59:37,0.02,0.0433,0.0,157.0,794.0,1080.0
2021-10-06 15:00:37,0.02,0.0433,0.0,157.0,794.0,1080.0
2021-10-06 15:01:38,0.02,0.0434,0.0,156.0,795.0,1080.0
2021-10-06 15:02:38,0.02,0.0433,0.0,156.0,794.0,1080.0
2021-10-06 15:03:39,0.02,0.0434,0.0,157.0,794.0,1080.0
2021-10-06 15:04:39,0.02,0.0433,0.0,156.0,794.0,1080.0
2021-10-06 15:05:40,0.02,0.0433,0.0,157.0,794.0,1080.0
2021-10-06 15:06:40,0.02,0.0433,0.0,156.0,793.0,1080.0
2021-10-06 15:07:41,0.02,0.0434,0.0,157.0,794.0,1080.0
2021-10-06 15:08:41,0.02,0.0433,-1.0,156.0,794.0,1080.0
2021-10-06 15:09:42,0.02,0.0434,0.0,157.0,794.0,1080.0
2021-10-06 15:10:42,0.02,0.0434,0.0,157.0,794.0,1080.0
2021-10-06 15:11:43,0.02,0.0434,0.0,156.0,795.0,1080.0
2021-10-06 15:12:43,0.02,0.0434,0.0,156.0,794.0,1080.0
2021-10-06 15:13:44,0.02,0.0434,0.0,156.0,794.0,1080.0
2021-10-06 15:14:44,0.02,0.0434,-1.0,156.0,794.0,1080.0
2021-10-06 15:15:45,0.02,0.0434,0.0,157.0,794.0,1080.0
2021-10-06 15:16:45,0.02,0.0434,-1.0,156.0,794.0,1080.0
2021-10-06 15:17:45,0.02,0.0434,-1.0,156.0,794.0,1080.0
2021-10-06 15:18:46,0.02,0.0434,0.0,157.0,794.0,1080.0
2021-10-06 15:19:46,0.02,0.0434,0.0,156.0,794.0,1080.0
2021-10-06 15:20:47,0.02,0.0434,0.0,157.0,795.0,1080.0
2021-10-06 15:21:47,0.02,0.0434,0.0,156.0,794.0,1080.0
2021-10-06 15:22:48,0.02,0.0434,0.0,157.0,794.0,1080.0
2021-10-06 15:23:48,0.02,0.0434,0.0,157.0,794.0,1080.0
2021-10-06 15:24:49,0.02,0.0434,0.0,157.0,794.0,1080.0
2021-10-06 15:25:49,0.02,0.0434,0.0,157.0,794.0,1080.0
2021-10-06 15:26:49,0.02,0.0434,-1.0,156.0,794.0,1080.0
2021-10-06 15:27:50,0.02,0.0434,0.0,156.0,795.0,1080.0
2021-10-06 15:28:50,0.02,0.0434,-1.0,157.0,794.0,1080.0
2021-10-06 15:29:51,0.02,0.0435,0.0,156.0,793.0,1080.0
2021-10-06 15:30:52,0.02,0.0435,0.0,157.0,794.0,1080.0
2021-10-06 15:31:52,0.02,0.0435,0.0,157.0,794.0,1080.0
2021-10-06 15:32:53,0.02,0.0435,-1.0,157.0,794.0,1080.0
2021-10-06 15:33:53,0.02,0.0435,0.0,157.0,795.0,1080.0
2021-10-06 15:34:54,0.02,0.0436,0.0,156.0,794.0,1080.0
2021-10-06 15:35:54,0.02,0.0435,-1.0,156.0,793.0,1080.0
2021-10-06 15:36:54,0.02,0.0436,0.0,157.0,794.0,1080.0
2021-10-06 15:37:55,0.02,0.0436,0.0,156.0,794.0,1080.0
2021-10-06 15:38:55,0.02,0.0437,0.0,157.0,795.0,1080.0
2021-10-06 15:39:56,0.02,0.0437,0.0,156.0,795.0,1080.0
2021-10-06 15:40:56,0.02,0.0437,0.0,157.0,794.0,1080.0
2021-10-06 15:41:57,0.02,0.0437,0.0,157.0,795.0,1080.0
2021-10-06 15:42:57,0.02,0.0437,0.0,156.0,794.0,1080.0
2021-10-06 15:43:58,0.02,0.0438,-1.0,156.0,794.0,1080.0
2021-10-06 15:44:58,0.02,0.0438,0.0,157.0,794.0,1080.0
2021-10-06 15:45:59,0.02,0.0437,-1.0,156.0,794.0,1080.0
2021-10-06 15:46:59,0.02,0.0437,0.0,157.0,795.0,1080.0
2021-10-06 15:48:00,0.02,0.0439,0.0,157.0,794.0,1080.0
2021-10-06 15:49:00,0.02,0.0438,0.0,156.0,795.0,1080.0
2021-10-06 15:50:01,0.02,0.0438,0.0,157.0,794.0,1080.0
2021-10-06 15:51:01,0.02,0.0439,0.0,156.0,795.0,1080.0
2021-10-06 15:52:01,0.02,0.0438,0.0,157.0,794.0,1080.0
2021-10-06 15:53:02,0.02,0.0438,-1.0,156.0,794.0,1080.0
2021-10-06 15:54:02,0.02,0.0439,-1.0,156.0,794.0,1080.0
2021-10-06 15:55:03,0.02,0.0438,-1.0,157.0,793.0,1080.0
2021-10-06 15:56:03,0.02,0.0438,-1.0,156.0,793.0,1080.0
2021-10-06 15:57:04,0.02,0.0439,0.0,156.0,794.0,1080.0
2021-10-06 15:58:04,0.02,0.0438,0.0,157.0,793.0,1080.0
2021-10-06 15:59:05,0.02,0.0438,0.0,156.0,794.0,1080.0
2021-10-06 16:00:05,0.02,0.0438,0.0,156.0,794.0,1080.0
2021-10-06 16:01:06,0.02,0.0438,-1.0,156.0,795.0,1080.0
2021-10-06 16:02:06,0.02,0.0438,-1.0,157.0,794.0,1080.0
2021-10-06 16:03:07,0.02,0.0438,0.0,156.0,793.0,1080.0
2021-10-06 16:04:07,0.02,0.0438,0.0,157.0,794.0,1080.0
2021-10-06 16:05:08,0.02,0.0437,0.0,156.0,794.0,1080.0
2021-10-06 16:06:08,0.02,0.0438,0.0,156.0,794.0,1080.0
2021-10-06 16:07:08,0.02,0.0438,-1.0,156.0,794.0,1080.0
2021-10-06 16:08:09,0.02,0.0438,-1.0,157.0,794.0,1080.0
2021-10-06 16:09:09,0.02,0.0438,0.0,157.0,794.0,1080.0
2021-10-06 16:10:10,0.02,0.0438,0.0,156.0,794.0,1080.0
2021-10-06 16:11:10,0.02,0.0438,0.0,156.0,794.0,1080.0
2021-10-06 16:12:11,0.02,0.0438,-1.0,157.0,795.0,1080.0
2021-10-06 16:13:11,0.02,0.0439,0.0,157.0,794.0,1080.0
2021-10-06 16:14:12,0.02,0.0438,0.0,156.0,794.0,1080.0
2021-10-06 16:15:12,0.02,0.0438,-1.0,156.0,794.0,1080.0
2021-10-06 16:16:13,0.02,0.0439,0.0,156.0,794.0,1080.0
2021-10-06 16:17:13,0.02,0.0438,0.0,157.0,794.0,1080.0
2021-10-06 16:18:14,0.02,0.0439,0.0,157.0,795.0,1080.0
2021-10-06 16:19:14,0.02,0.0439,0.0,157.0,794.0,1080.0
2021-10-06 16:20:15,0.02,0.044,0.0,157.0,794.0,1080.0
2021-10-06 16:21:15,0.02,0.044,0.0,157.0,794.0,1080.0
2021-10-06 16:22:16,0.02,0.044,0.0,157.0,794.0,1080.0
2021-10-06 16:23:16,0.02,0.044,-1.0,156.0,794.0,1080.0
2021-10-06 16:24:17,0.02,0.044,-1.0,157.0,794.0,1080.0
2021-10-06 16:25:17,0.02,0.044,-1.0,156.0,794.0,1080.0
2021-10-06 16:26:18,0.02,0.0441,-1.0,157.0,794.0,1080.0
2021-10-06 16:27:18,0.02,0.0441,0.0,156.0,794.0,1080.0
2021-10-06 16:28:19,0.02,0.044,0.0,156.0,795.0,1080.0
2021-10-06 16:29:19,0.02,0.0441,0.0,157.0,794.0,1080.0
2021-10-06 16:30:19,0.02,0.0442,0.0,156.0,795.0,1080.0
2021-10-06 16:31:20,0.02,0.0442,0.0,156.0,794.0,1080.0
2021-10-06 16:32:20,0.02,0.0442,0.0,157.0,793.0,1080.0
2021-10-06 16:33:21,0.02,0.0442,0.0,156.0,794.0,1080.0
2021-10-06 16:34:21,0.02,0.0441,-1.0,157.0,794.0,1080.0
2021-10-06 16:35:22,0.02,0.0442,-1.0,156.0,794.0,1080.0
2021-10-06 16:36:22,0.02,0.0441,-1.0,156.0,795.0,1080.0
2021-10-06 16:37:23,0.02,0.0442,0.0,156.0,793.0,1080.0
2021-10-06 16:38:23,0.02,0.0442,0.0,157.0,793.0,1080.0
2021-10-06 16:39:24,0.02,0.0442,-1.0,156.0,794.0,1080.0
2021-10-06 16:40:24,0.02,0.0442,0.0,156.0,794.0,1080.0
2021-10-06 16:41:25,0.02,0.0442,0.0,157.0,794.0,1080.0
2021-10-06 16:42:25,0.02,0.0442,0.0,157.0,794.0,1080.0
2021-10-06 16:43:26,0.02,0.0442,-1.0,156.0,794.0,1080.0
2021-10-06 16:44:26,0.02,0.0442,-1.0,157.0,794.0,1080.0
2021-10-06 16:45:27,0.02,0.0442,0.0,157.0,794.0,1080.0
2021-10-06 16:46:27,0.02,0.0442,-1.0,156.0,794.0,1080.0
2021-10-06 16:47:28,0.02,0.0442,-1.0,157.0,794.0,1080.0
2021-10-06 16:48:28,0.02,0.0442,0.0,157.0,794.0,1080.0
2021-10-06 16:49:29,0.02,0.0442,0.0,157.0,794.0,1080.0
2021-10-06 16:50:29,0.02,0.0442,0.0,156.0,794.0,1080.0
2021-10-06 16:51:30,0.02,0.0442,0.0,156.0,795.0,1080.0
2021-10-06 16:52:30,0.02,0.0442,0.0,157.0,793.0,1080.0
2021-10-06 16:53:31,0.02,0.0442,-1.0,157.0,794.0,1080.0
2021-10-06 16:54:31,0.02,0.0443,-1.0,156.0,794.0,1080.0
2021-10-06 16:55:32,0.02,0.0442,0.0,156.0,795.0,1080.0
2021-10-06 16:56:32,0.02,0.0442,0.0,157.0,795.0,1080.0
2021-10-06 16:57:33,0.02,0.0442,0.0,156.0,795.0,1080.0
2021-10-06 16:58:33,0.02,0.0443,-1.0,157.0,794.0,1080.0
2021-10-06 16:59:34,0.02,0.0442,0.0,157.0,794.0,1080.0
2021-10-06 17:00:34,0.02,0.0443,0.0,157.0,795.0,1080.0
2021-10-06 17:01:34,0.02,0.0443,0.0,157.0,794.0,1080.0
2021-10-06 17:02:35,0.02,0.0443,0.0,156.0,794.0,1080.0
2021-10-06 17:03:35,0.02,0.0443,0.0,157.0,794.0,1080.0
2021-10-06 17:04:36,0.02,0.0443,0.0,157.0,794.0,1080.0
2021-10-06 17:05:36,0.02,0.0444,0.0,156.0,795.0,1080.0
2021-10-06 17:06:37,0.02,0.0444,0.0,156.0,794.0,1080.0
2021-10-06 17:07:37,0.02,0.0443,0.0,157.0,794.0,1080.0
2021-10-06 17:08:38,0.02,0.0444,0.0,156.0,794.0,1080.0
2021-10-06 17:09:38,0.02,0.0445,0.0,156.0,794.0,1080.0
2021-10-06 17:10:39,0.02,0.0444,-1.0,156.0,794.0,1080.0
2021-10-06 17:11:39,0.02,0.0444,0.0,156.0,794.0,1080.0
2021-10-06 17:12:40,0.02,0.0444,0.0,157.0,794.0,1080.0
2021-10-06 17:13:40,0.02,0.0444,-1.0,156.0,794.0,1080.0
2021-10-06 17:14:41,0.02,0.0445,-1.0,156.0,794.0,1080.0
2021-10-06 17:15:41,0.02,0.0445,-1.0,156.0,793.0,1080.0
2021-10-06 17:16:42,0.02,0.0445,-1.0,156.0,794.0,1080.0
2021-10-06 17:17:42,0.02,0.0445,-1.0,156.0,794.0,1080.0
2021-10-06 17:18:43,0.02,0.0445,-1.0,156.0,793.0,1080.0
2021-10-06 17:19:44,0.02,0.0445,-1.0,157.0,794.0,1080.0
2021-10-06 17:20:44,0.02,0.0446,-1.0,157.0,794.0,1080.0
2021-10-06 17:21:45,0.02,0.0445,0.0,157.0,794.0,1080.0
2021-10-06 17:22:45,0.02,0.0446,0.0,156.0,794.0,1080.0
2021-10-06 17:23:46,0.02,0.0446,-1.0,157.0,793.0,1080.0
2021-10-06 17:24:46,0.02,0.0445,-1.0,157.0,794.0,1080.0
2021-10-06 17:25:46,0.02,0.0446,-1.0,156.0,794.0,1080.0
2021-10-06 17:26:47,0.02,0.0446,0.0,156.0,794.0,1080.0
2021-10-06 17:27:47,0.02,0.0446,0.0,157.0,794.0,1080.0
2021-10-06 17:28:48,0.02,0.0446,-1.0,156.0,794.0,1080.0
2021-10-06 17:29:48,0.02,0.0446,-1.0,156.0,794.0,1080.0
2021-10-06 17:30:49,0.02,0.0446,0.0,157.0,794.0,1080.0
2021-10-06 17:31:49,0.02,0.0446,0.0,157.0,794.0,1080.0
2021-10-06 17:32:50,0.02,0.0446,0.0,157.0,794.0,1080.0
2021-10-06 17:33:50,0.02,0.0446,0.0,156.0,795.0,1080.0
2021-10-06 17:34:51,0.02,0.0446,-1.0,156.0,795.0,1080.0
2021-10-06 17:35:51,0.02,0.0446,0.0,157.0,794.0,1080.0
2021-10-06 17:36:51,0.02,0.0446,-1.0,156.0,794.0,1080.0
2021-10-06 17:37:52,0.02,0.0446,-1.0,156.0,794.0,1080.0
2021-10-06 17:38:52,0.02,0.0446,0.0,156.0,794.0,1080.0
2021-10-06 17:39:53,0.02,0.0446,0.0,156.0,793.0,1080.0
2021-10-06 17:40:53,0.02,0.0446,0.0,156.0,793.0,1080.0
2021-10-06 17:41:54,0.02,0.0446,0.0,157.0,794.0,1080.0
2021-10-06 17:42:54,0.02,0.0446,0.0,156.0,794.0,1080.0
2021-10-06 17:43:55,0.02,0.0446,0.0,157.0,794.0,1080.0
2021-10-06 17:44:56,0.02,0.0447,0.0,157.0,794.0,1080.0
2021-10-06 17:45:56,0.02,0.0447,-1.0,156.0,793.0,1080.0
2021-10-06 17:46:57,0.02,0.0447,0.0,157.0,794.0,1080.0
2021-10-06 17:47:57,0.02,0.0447,0.0,156.0,794.0,1080.0
2021-10-06 17:48:58,0.02,0.0447,-1.0,156.0,794.0,1080.0
2021-10-06 17:49:58,0.02,0.0447,0.0,156.0,794.0,1080.0
2021-10-06 17:50:59,0.02,0.0447,0.0,156.0,794.0,1080.0
2021-10-06 17:52:00,0.02,0.0447,0.0,156.0,795.0,1080.0
2021-10-06 17:53:00,0.02,0.0448,0.0,157.0,793.0,1080.0
2021-10-06 17:54:01,0.02,0.0448,0.0,157.0,794.0,1080.0
2021-10-06 17:55:01,0.02,0.0448,-1.0,156.0,793.0,1080.0
2021-10-06 17:56:01,0.02,0.0448,-1.0,156.0,794.0,1080.0
2021-10-06 17:57:02,0.02,0.0448,0.0,156.0,794.0,1080.0
2021-10-06 17:58:02,0.02,0.0448,0.0,156.0,795.0,1080.0
2021-10-06 17:59:03,0.02,0.0449,0.0,157.0,794.0,1080.0
2021-10-06 18:00:04,0.02,0.0448,0.0,156.0,794.0,1080.0
2021-10-06 18:01:04,0.02,0.0449,0.0,157.0,793.0,1080.0
2021-10-06 18:02:05,0.02,0.0448,-1.0,157.0,794.0,1080.0
2021-10-06 18:03:05,0.02,0.045,0.0,156.0,794.0,1080.0
2021-10-06 18:04:06,0.02,0.045,-1.0,157.0,794.0,1080.0
2021-10-06 18:05:06,0.02,0.045,-1.0,156.0,794.0,1080.0
2021-10-06 18:06:06,0.02,0.045,0.0,156.0,795.0,1080.0
2021-10-06 18:07:07,0.02,0.045,-1.0,156.0,795.0,1080.0
2021-10-06 18:08:07,0.02,0.045,-1.0,156.0,794.0,1080.0
2021-10-06 18:09:08,0.02,0.045,-1.0,157.0,794.0,1080.0
2021-10-06 18:10:08,0.02,0.045,-1.0,157.0,793.0,1080.0
2021-10-06 18:11:09,0.02,0.045,0.0,157.0,794.0,1080.0
2021-10-06 18:12:09,0.02,0.045,0.0,156.0,794.0,1080.0
2021-10-06 18:13:10,0.02,0.045,0.0,157.0,794.0,1080.0
2021-10-06 18:14:10,0.02,0.0451,-1.0,157.0,794.0,1080.0
2021-10-06 18:15:11,0.02,0.045,-1.0,157.0,794.0,1080.0
2021-10-06 18:16:11,0.02,0.0451,-1.0,157.0,794.0,1080.0
2021-10-06 18:17:12,0.02,0.045,0.0,156.0,794.0,1080.0
2021-10-06 18:18:12,0.02,0.045,0.0,156.0,794.0,1080.0
2021-10-06 18:19:13,0.02,0.045,-1.0,157.0,794.0,1080.0
2021-10-06 18:20:13,0.02,0.045,-1.0,157.0,794.0,1080.0
2021-10-06 18:21:14,0.02,0.045,-1.0,156.0,794.0,1080.0
2021-10-06 18:22:14,0.02,0.0451,0.0,157.0,794.0,1080.0
2021-10-06 18:23:15,0.02,0.045,-1.0,156.0,792.0,1080.0
2021-10-06 18:24:15,0.02,0.045,-1.0,156.0,794.0,1080.0
2021-10-06 18:25:16,0.02,0.0451,0.0,156.0,795.0,1080.0
2021-10-06 18:26:16,0.02,0.045,-1.0,157.0,794.0,1080.0
2021-10-06 18:27:17,0.02,0.045,-1.0,156.0,794.0,1080.0
2021-10-06 18:28:17,0.02,0.045,-1.0,156.0,794.0,1080.0
2021-10-06 18:29:18,0.02,0.045,0.0,156.0,794.0,1080.0
2021-10-06 18:30:18,0.02,0.045,-1.0,157.0,794.0,1080.0
2021-10-06 18:31:19,0.02,0.045,0.0,157.0,795.0,1080.0
2021-10-06 18:32:19,0.02,0.0451,-1.0,156.0,794.0,1080.0
2021-10-06 18:33:20,0.02,0.0451,0.0,156.0,794.0,1080.0
2021-10-06 18:34:20,0.02,0.0451,-1.0,156.0,794.0,1080.0
2021-10-06 18:35:21,0.02,0.0451,0.0,157.0,794.0,1080.0
2021-10-06 18:36:21,0.02,0.0451,0.0,156.0,794.0,1080.0
2021-10-06 18:37:22,0.02,0.0451,0.0,156.0,794.0,1080.0
2021-10-06 18:38:22,0.02,0.0452,0.0,156.0,794.0,1080.0
2021-10-06 18:39:23,0.02,0.0452,0.0,156.0,795.0,1080.0
2021-10-06 18:40:23,0.02,0.0452,-1.0,156.0,794.0,1080.0
2021-10-06 18:41:24,0.02,0.0452,-1.0,156.0,794.0,1080.0
2021-10-06 18:42:24,0.02,0.0452,0.0,157.0,794.0,1080.0
2021-10-06 18:43:25,0.02,0.0452,-1.0,156.0,793.0,1080.0
2021-10-06 18:44:25,0.02,0.0452,0.0,156.0,794.0,1080.0
2021-10-06 18:45:26,0.02,0.0453,0.0,157.0,794.0,1080.0
2021-10-06 18:46:26,0.02,0.0452,0.0,157.0,793.0,1080.0
2021-10-06 18:47:27,0.02,0.0453,0.0,157.0,794.0,1080.0
2021-10-06 18:48:27,0.02,0.0453,0.0,157.0,794.0,1080.0
2021-10-06 18:49:28,0.02,0.0454,0.0,157.0,794.0,1080.0
2021-10-06 18:50:28,0.02,0.0453,-1.0,157.0,794.0,1080.0
2021-10-06 18:51:29,0.02,0.0454,0.0,156.0,794.0,1080.0
2021-10-06 18:52:29,0.02,0.0454,0.0,157.0,794.0,1080.0
2021-10-06 18:53:30,0.02,0.0454,0.0,156.0,794.0,1080.0
2021-10-06 18:54:31,0.02,0.0454,0.0,156.0,794.0,1080.0
2021-10-06 18:55:31,0.02,0.0454,-1.0,157.0,794.0,1080.0
2021-10-06 18:56:32,0.02,0.0454,0.0,157.0,794.0,1080.0
2021-10-06 18:57:32,0.02,0.0454,0.0,156.0,794.0,1080.0
2021-10-06 18:58:33,0.02,0.0454,0.0,157.0,794.0,1080.0
2021-10-06 18:59:33,0.02,0.0454,-1.0,156.0,794.0,1080.0
2021-10-06 19:00:34,0.02,0.0454,-1.0,156.0,794.0,1080.0
2021-10-06 19:01:34,0.02,0.0454,0.0,156.0,794.0,1080.0
2021-10-06 19:02:35,0.02,0.0455,0.0,157.0,794.0,1080.0
2021-10-06 19:03:35,0.02,0.0455,0.0,157.0,794.0,1080.0
2021-10-06 19:04:36,0.02,0.0455,0.0,157.0,794.0,1080.0
2021-10-06 19:05:36,0.02,0.0455,0.0,156.0,793.0,1080.0
2021-10-06 19:06:37,0.02,0.0455,0.0,156.0,794.0,1080.0
2021-10-06 19:07:37,0.02,0.0454,0.0,156.0,794.0,1080.0
2021-10-06 19:08:38,0.02,0.0455,0.0,156.0,794.0,1080.0
2021-10-06 19:09:38,0.02,0.0455,-1.0,157.0,794.0,1080.0
2021-10-06 19:10:39,0.02,0.0455,0.0,156.0,793.0,1080.0
2021-10-06 19:11:39,0.02,0.0454,-1.0,156.0,794.0,1080.0
2021-10-06 19:12:40,0.02,0.0455,0.0,157.0,794.0,1080.0
2021-10-06 19:13:41,0.02,0.0455,0.0,157.0,794.0,1080.0
2021-10-06 19:14:41,0.02,0.0455,0.0,157.0,794.0,1080.0
2021-10-06 19:15:42,0.02,0.0454,0.0,156.0,795.0,1080.0
2021-10-06 19:16:42,0.02,0.0455,0.0,156.0,794.0,1080.0
2021-10-06 19:17:43,0.02,0.0455,0.0,156.0,794.0,1080.0
2021-10-06 19:18:43,0.02,0.0456,0.0,156.0,794.0,1080.0
2021-10-06 19:19:44,0.02,0.0455,0.0,157.0,794.0,1080.0
2021-10-06 19:20:44,0.02,0.0455,0.0,157.0,794.0,1080.0
2021-10-06 19:21:45,0.02,0.0456,0.0,157.0,795.0,1080.0
2021-10-06 19:22:45,0.02,0.0456,0.0,156.0,794.0,1080.0
2021-10-06 19:23:46,0.02,0.0455,0.0,157.0,794.0,1080.0
2021-10-06 19:24:46,0.02,0.0455,-1.0,157.0,794.0,1080.0
2021-10-06 19:25:47,0.02,0.0456,-1.0,157.0,794.0,1080.0
2021-10-06 19:26:48,0.02,0.0456,0.0,156.0,794.0,1080.0
2021-10-06 19:27:48,0.02,0.0456,0.0,157.0,794.0,1080.0
2021-10-06 19:28:49,0.02,0.0456,0.0,157.0,794.0,1080.0
2021-10-06 19:29:49,0.02,0.0456,0.0,157.0,794.0,1080.0
2021-10-06 19:30:50,0.02,0.0457,-1.0,157.0,793.0,1080.0
2021-10-06 19:31:50,0.02,0.0456,-1.0,156.0,794.0,1080.0
2021-10-06 19:32:51,0.02,0.0457,0.0,156.0,794.0,1080.0
2021-10-06 19:33:51,0.02,0.0457,-1.0,156.0,794.0,1080.0
2021-10-06 19:34:52,0.02,0.0457,-1.0,157.0,794.0,1080.0
2021-10-06 19:35:52,0.02,0.0457,-1.0,157.0,794.0,1080.0
2021-10-06 19:36:52,0.02,0.0457,0.0,157.0,794.0,1080.0
2021-10-06 19:37:53,0.02,0.0458,0.0,156.0,794.0,1080.0
2021-10-06 19:38:53,0.02,0.0458,0.0,157.0,794.0,1080.0
2021-10-06 19:39:54,0.02,0.0458,0.0,156.0,794.0,1080.0
2021-10-06 19:40:55,0.02,0.0458,0.0,157.0,794.0,1080.0
2021-10-06 19:41:55,0.02,0.0458,-1.0,156.0,794.0,1080.0
2021-10-06 19:42:55,0.02,0.0458,0.0,156.0,793.0,1080.0
2021-10-06 19:43:56,0.02,0.0458,0.0,156.0,795.0,1080.0
2021-10-06 19:44:56,0.02,0.0458,-1.0,157.0,793.0,1080.0
2021-10-06 19:45:57,0.02,0.0458,0.0,157.0,794.0,1080.0
2021-10-06 19:46:57,0.02,0.0458,0.0,156.0,795.0,1080.0
2021-10-06 19:47:57,0.02,0.0458,0.0,157.0,794.0,1080.0
2021-10-06 19:48:58,0.02,0.0458,-1.0,156.0,794.0,1080.0
2021-10-06 19:49:58,0.02,0.0459,0.0,157.0,794.0,1080.0
2021-10-06 19:50:59,0.02,0.0458,0.0,157.0,794.0,1080.0
2021-10-06 19:51:59,0.02,0.0458,0.0,157.0,794.0,1080.0
2021-10-06 19:53:00,0.02,0.0458,0.0,156.0,794.0,1080.0
2021-10-06 19:54:00,0.02,0.0459,-1.0,157.0,793.0,1080.0
2021-10-06 19:55:01,0.02,0.0458,0.0,156.0,794.0,1080.0
2021-10-06 19:56:01,0.02,0.0458,0.0,157.0,794.0,1080.0
2021-10-06 19:57:02,0.02,0.0458,-1.0,156.0,794.0,1080.0
2021-10-06 19:58:02,0.02,0.0458,0.0,156.0,794.0,1080.0
2021-10-06 19:59:02,0.02,0.0458,0.0,156.0,794.0,1080.0
2021-10-06 20:00:03,0.02,0.0459,0.0,157.0,794.0,1080.0
2021-10-06 20:01:03,0.02,0.0458,0.0,156.0,794.0,1080.0
2021-10-06 20:02:04,0.02,0.0458,0.0,157.0,794.0,1080.0
2021-10-06 20:03:04,0.02,0.0458,0.0,157.0,794.0,1080.0
2021-10-06 20:04:05,0.02,0.0458,0.0,157.0,794.0,1080.0
2021-10-06 20:05:06,0.02,0.0458,0.0,157.0,794.0,1080.0
2021-10-06 20:06:06,0.02,0.0458,0.0,157.0,794.0,1080.0
2021-10-06 20:07:06,0.02,0.0458,0.0,157.0,794.0,1080.0
2021-10-06 20:08:07,0.02,0.0458,0.0,157.0,794.0,1080.0
2021-10-06 20:09:07,0.02,0.0459,0.0,157.0,794.0,1080.0
2021-10-06 20:10:08,0.02,0.0459,-1.0,156.0,794.0,1080.0
2021-10-06 20:11:08,0.02,0.0459,0.0,157.0,794.0,1080.0
2021-10-06 20:12:09,0.02,0.0459,0.0,157.0,794.0,1080.0
2021-10-06 20:13:09,0.02,0.0459,0.0,156.0,793.0,1080.0
2021-10-06 20:14:10,0.02,0.0459,-1.0,156.0,794.0,1080.0
2021-10-06 20:15:10,0.02,0.046,0.0,156.0,794.0,1080.0
2021-10-06 20:16:10,0.02,0.046,0.0,156.0,794.0,1080.0
2021-10-06 20:17:11,0.02,0.046,-1.0,156.0,794.0,1080.0
2021-10-06 20:18:12,0.02,0.046,-1.0,157.0,794.0,1080.0
2021-10-06 20:19:12,0.02,0.0461,0.0,157.0,794.0,1080.0
2021-10-06 20:20:12,0.02,0.046,-1.0,157.0,793.0,1080.0
2021-10-06 20:21:13,0.02,0.046,-1.0,156.0,793.0,1080.0
2021-10-06 20:22:13,0.02,0.0461,-1.0,156.0,794.0,1080.0
2021-10-06 20:23:14,0.02,0.0461,-1.0,156.0,794.0,1080.0
2021-10-06 20:24:14,0.02,0.0461,0.0,156.0,795.0,1080.0
2021-10-06 20:25:15,0.02,0.0461,-1.0,156.0,794.0,1080.0
2021-10-06 20:26:15,0.02,0.0461,0.0,157.0,795.0,1080.0
2021-10-06 20:27:16,0.02,0.0461,-1.0,157.0,794.0,1080.0
2021-10-06 20:28:16,0.02,0.0461,-1.0,156.0,794.0,1080.0
2021-10-06 20:29:17,0.02,0.0462,0.0,156.0,795.0,1080.0
2021-10-06 20:30:17,0.02,0.0461,0.0,156.0,794.0,1080.0
2021-10-06 20:31:18,0.02,0.0462,0.0,157.0,794.0,1080.0
2021-10-06 20:32:18,0.02,0.0462,-1.0,156.0,794.0,1080.0
2021-10-06 20:33:19,0.02,0.0462,-1.0,156.0,794.0,1080.0
2021-10-06 20:34:19,0.02,0.0462,0.0,156.0,794.0,1080.0
2021-10-06 20:35:20,0.02,0.0461,-1.0,156.0,794.0,1080.0
2021-10-06 20:36:20,0.02,0.0462,0.0,157.0,794.0,1080.0
2021-10-06 20:37:21,0.02,0.0462,-1.0,156.0,793.0,1080.0
2021-10-06 20:38:21,0.02,0.0462,0.0,157.0,794.0,1080.0
2021-10-06 20:39:22,0.02,0.0462,0.0,157.0,794.0,1080.0
2021-10-06 20:40:22,0.02,0.0462,0.0,156.0,793.0,1080.0
2021-10-06 20:41:22,0.02,0.0462,0.0,156.0,795.0,1080.0
2021-10-06 20:42:23,0.02,0.0462,0.0,156.0,794.0,1080.0
2021-10-06 20:43:23,0.02,0.0462,0.0,157.0,794.0,1080.0
2021-10-06 20:44:24,0.02,0.0463,0.0,157.0,793.0,1080.0
2021-10-06 20:45:24,0.02,0.0463,0.0,157.0,794.0,1080.0
2021-10-06 20:46:25,0.02,0.0462,0.0,157.0,793.0,1080.0
2021-10-06 20:47:25,0.02,0.0462,-1.0,157.0,794.0,1080.0
2021-10-06 20:48:26,0.02,0.0462,0.0,157.0,794.0,1080.0
2021-10-06 20:49:26,0.02,0.0463,0.0,157.0,794.0,1080.0
2021-10-06 20:50:27,0.02,0.0463,0.0,157.0,794.0,1080.0
2021-10-06 20:51:27,0.02,0.0462,0.0,157.0,794.0,1080.0
2021-10-06 20:52:28,0.02,0.0462,0.0,157.0,795.0,1080.0
2021-10-06 20:53:28,0.02,0.0462,0.0,156.0,794.0,1080.0
2021-10-06 20:54:29,0.02,0.0463,0.0,157.0,794.0,1080.0
2021-10-06 20:55:29,0.02,0.0462,0.0,157.0,794.0,1080.0
2021-10-06 20:56:30,0.02,0.0462,0.0,156.0,794.0,1080.0
2021-10-06 20:57:30,0.02,0.0462,0.0,157.0,794.0,1080.0
2021-10-06 20:58:31,0.02,0.0463,0.0,156.0,794.0,1080.0
2021-10-06 20:59:31,0.02,0.0463,0.0,156.0,794.0,1080.0
2021-10-06 21:00:32,0.02,0.0463,0.0,157.0,794.0,1080.0
2021-10-06 21:01:32,0.02,0.0463,0.0,157.0,794.0,1080.0
2021-10-06 21:02:34,0.02,0.0464,0.0,156.0,794.0,1080.0
2021-10-06 21:03:35,0.02,0.0463,0.0,156.0,794.0,1080.0
2021-10-06 21:04:35,0.02,0.0464,0.0,156.0,794.0,1080.0
2021-10-06 21:05:35,0.02,0.0464,-1.0,156.0,794.0,1080.0
2021-10-06 21:06:36,0.02,0.0464,0.0,157.0,794.0,1080.0
2021-10-06 21:07:36,0.02,0.0464,0.0,156.0,794.0,1080.0
2021-10-06 21:08:37,0.02,0.0465,0.0,156.0,794.0,1080.0
2021-10-06 21:09:37,0.02,0.0465,-1.0,157.0,793.0,1080.0
2021-10-06 21:10:38,0.02,0.0464,0.0,157.0,794.0,1080.0
2021-10-06 21:11:38,0.02,0.0464,-1.0,156.0,793.0,1080.0
2021-10-06 21:12:39,0.02,0.0465,0.0,157.0,794.0,1080.0
2021-10-06 21:13:39,0.02,0.0465,0.0,156.0,795.0,1080.0
2021-10-06 21:14:40,0.02,0.0465,0.0,156.0,794.0,1080.0
2021-10-06 21:15:40,0.02,0.0465,0.0,157.0,793.0,1080.0
2021-10-06 21:16:40,0.02,0.0466,0.0,156.0,794.0,1080.0
2021-10-06 21:17:41,0.02,0.0466,0.0,156.0,794.0,1080.0
2021-10-06 21:18:41,0.02,0.0466,0.0,156.0,794.0,1080.0
2021-10-06 21:19:42,0.02,0.0466,0.0,156.0,795.0,1080.0
2021-10-06 21:20:42,0.02,0.0466,0.0,156.0,794.0,1080.0
2021-10-06 21:21:42,0.02,0.0466,0.0,157.0,794.0,1080.0
2021-10-06 21:22:43,0.02,0.0466,0.0,157.0,794.0,1080.0
2021-10-06 21:23:43,0.02,0.0466,0.0,157.0,792.0,1080.0
2021-10-06 21:24:44,0.02,0.0466,-1.0,157.0,794.0,1080.0
2021-10-06 21:25:45,0.02,0.0466,0.0,156.0,794.0,1080.0
2021-10-06 21:26:45,0.02,0.0466,0.0,156.0,795.0,1080.0
2021-10-06 21:27:45,0.02,0.0466,-1.0,157.0,793.0,1080.0
2021-10-06 21:28:46,0.02,0.0466,0.0,156.0,794.0,1080.0
2021-10-06 21:29:47,0.02,0.0466,0.0,156.0,794.0,1080.0
2021-10-06 21:30:47,0.02,0.0466,-1.0,157.0,794.0,1080.0
2021-10-06 21:31:48,0.02,0.0466,0.0,157.0,795.0,1080.0
2021-10-06 21:32:48,0.02,0.0466,0.0,157.0,794.0,1080.0
2021-10-06 21:33:49,0.02,0.0466,-1.0,157.0,794.0,1080.0
2021-10-06 21:34:49,0.02,0.0466,0.0,157.0,794.0,1080.0
2021-10-06 21:35:50,0.02,0.0466,-1.0,156.0,794.0,1080.0
2021-10-06 21:36:50,0.02,0.0467,0.0,157.0,794.0,1080.0
2021-10-06 21:37:51,0.02,0.0466,0.0,156.0,793.0,1080.0
2021-10-06 21:38:51,0.02,0.0466,0.0,156.0,794.0,1080.0
2021-10-06 21:39:51,0.02,0.0466,0.0,157.0,794.0,1080.0
2021-10-06 21:40:52,0.02,0.0466,0.0,156.0,794.0,1080.0
2021-10-06 21:41:52,0.02,0.0466,0.0,157.0,794.0,1040.0
2021-10-06 21:42:53,0.02,0.0466,-1.0,156.0,793.0,595.0
2021-10-06 21:43:53,0.02,0.0466,0.0,157.0,794.0,342.0
2021-10-06 21:44:54,0.02,0.0466,0.0,156.0,792.0,195.0
2021-10-06 21:45:55,0.02,0.0466,-1.0,157.0,792.0,111.0
2021-10-06 21:46:55,0.02,0.0467,0.0,156.0,793.0,63.8
2021-10-06 21:47:56,0.02,0.0467,0.0,157.0,793.0,36.9
2021-10-06 21:48:56,0.02,0.0467,0.0,156.0,794.0,21.5
2021-10-06 21:49:57,0.02,0.0467,0.0,157.0,792.0,13.4
2021-10-06 21:50:57,0.02,0.0468,-1.0,157.0,792.0,8.84
2021-10-06 21:51:58,0.02,0.0467,-1.0,157.0,792.0,6.19
2021-10-06 21:52:58,0.02,0.0468,0.0,157.0,794.0,4.41
2021-10-06 21:53:59,0.02,0.0468,0.0,157.0,793.0,3.38
2021-10-06 21:54:59,0.02,0.0468,-1.0,157.0,792.0,2.73
2021-10-06 21:56:00,0.02,0.0468,0.0,157.0,792.0,2.29
2021-10-06 21:57:00,0.02,0.0469,-1.0,157.0,792.0,1.95
2021-10-06 21:58:01,0.02,0.0469,0.0,157.0,794.0,1.69
2021-10-06 21:59:01,0.02,0.0469,0.0,157.0,793.0,1.49
2021-10-06 22:00:02,0.02,0.0469,0.0,157.0,794.0,1.31
2021-10-06 22:01:02,0.02,0.047,-1.0,157.0,793.0,1.19
2021-10-06 22:02:03,0.02,0.0469,-1.0,157.0,794.0,1.04
2021-10-06 22:03:03,0.853,0.0471,0.0,157.0,791.0,0.95
2021-10-06 22:04:04,0.7859999999999999,0.0471,0.0,157.0,793.0,0.867
2021-10-06 22:05:04,0.75,0.0471,-1.0,157.0,792.0,0.8190000000000001
2021-10-06 22:06:05,0.298,0.0471,-1.0,157.0,792.0,0.292
2021-10-06 22:07:06,0.0999,0.047,-1.0,157.0,792.0,0.063
2021-10-06 22:08:07,0.0777,0.0471,0.0,157.0,792.0,0.0482
2021-10-06 22:09:07,0.0672,0.0471,-1.0,157.0,792.0,0.0412
2021-10-06 22:10:08,0.0603,0.0471,-1.0,157.0,794.0,0.0361
2021-10-06 22:11:08,0.0546,0.0471,-1.0,157.0,792.0,0.0324
2021-10-06 22:12:09,0.0503,0.0471,0.0,157.0,792.0,0.0295
2021-10-06 22:13:10,0.047,0.0471,0.0,157.0,792.0,0.0274
2021-10-06 22:14:11,0.0442,0.0471,-1.0,157.0,792.0,0.0255
2021-10-06 22:15:11,0.0422,0.0471,-1.0,157.0,792.0,0.024
2021-10-06 22:16:12,0.0403,0.0471,-1.0,157.0,792.0,0.0227
2021-10-06 22:17:13,0.0379,0.0471,0.0,157.0,792.0,0.0217
2021-10-06 22:18:13,0.0363,0.0471,-1.0,157.0,792.0,0.0207
2021-10-06 22:19:14,0.035,0.0471,0.0,157.0,792.0,0.0199
2021-10-06 22:20:15,0.0337,0.0471,-1.0,157.0,793.0,0.0192
2021-10-06 22:21:15,0.0327,0.0471,0.0,157.0,795.0,0.0186
2021-10-06 22:22:16,0.0317,0.0471,0.0,157.0,794.0,0.0181
2021-10-06 22:23:16,0.0309,0.0472,0.0,157.0,794.0,0.0176
2021-10-06 22:24:17,0.0302,0.0472,0.0,157.0,793.0,0.0171
2021-10-06 22:25:18,0.0295,0.0472,-1.0,157.0,793.0,0.0167
2021-10-06 22:26:18,0.0289,0.0472,-1.0,157.0,793.0,0.0163
2021-10-06 22:27:19,0.0284,0.0472,0.0,157.0,792.0,0.0159
2021-10-06 22:28:20,0.0278,0.0473,0.0,157.0,792.0,0.0157
2021-10-06 22:29:20,0.0273,0.0473,0.0,157.0,794.0,0.0154
2021-10-06 22:30:21,0.0269,0.0473,0.0,157.0,794.0,0.0151
2021-10-06 22:31:22,0.0266,0.0474,-1.0,157.0,794.0,0.0149
2021-10-06 22:32:22,0.0262,0.0474,0.0,157.0,795.0,0.0146
2021-10-06 22:33:23,0.0259,0.0474,0.0,157.0,794.0,0.0144
2021-10-06 22:34:23,0.0257,0.0475,0.0,157.0,794.0,0.0141
2021-10-06 22:35:24,0.0251,0.0475,-1.0,157.0,794.0,0.0138
2021-10-06 22:36:25,0.0248,0.0475,-1.0,157.0,794.0,0.0135
2021-10-06 22:37:25,0.0243,0.0475,-2.0,157.0,794.0,0.0132
2021-10-06 22:38:26,0.0239,0.0476,-2.0,157.0,794.0,0.013
2021-10-06 22:39:27,0.0236,0.0475,-2.0,157.0,793.0,0.0128
2021-10-06 22:40:27,0.0157,0.0475,-2.0,157.0,793.0,0.00799
2021-10-06 22:41:28,0.00939,0.0475,-2.0,157.0,794.0,0.0041600000000000005
2021-10-06 22:42:29,0.0052,0.0476,-3.0,157.0,794.0,0.00227
2021-10-06 22:43:30,0.00335,0.0475,-3.0,157.0,794.0,0.00143
2021-10-06 22:44:30,0.0022600000000000003,0.0476,-3.0,157.0,794.0,0.001
2021-10-06 22:45:31,0.0016,0.0477,-3.0,157.0,794.0,0.000692
2021-10-06 22:46:32,0.00115,0.0479,-3.0,157.0,794.0,0.000547
2021-10-06 22:47:32,0.000897,0.0478,-4.0,157.0,794.0,0.0005009999999999999
2021-10-06 22:48:33,0.0007480000000000001,0.048,-4.0,157.0,794.0,0.0005009999999999999
2021-10-06 22:49:34,0.000655,0.048,-4.0,157.0,793.0,0.0005009999999999999
2021-10-06 22:50:34,0.000586,0.048,-4.0,157.0,794.0,0.0005009999999999999
2021-10-06 22:51:35,0.000539,0.0481,-4.0,157.0,795.0,0.0005009999999999999
2021-10-06 22:52:36,0.0005009999999999999,0.0482,-4.0,157.0,794.0,0.0005009999999999999
2021-10-06 22:53:36,0.000472,0.0483,-4.0,157.0,794.0,0.0005009999999999999
2021-10-06 22:54:37,0.000454,0.0484,-4.0,157.0,795.0,0.0005009999999999999
2021-10-06 22:55:38,0.00146,0.0484,-4.0,157.0,794.0,0.000672
2021-10-06 22:56:38,0.00299,0.0485,-4.0,157.0,794.0,0.00134
2021-10-06 22:57:39,0.0048200000000000005,0.0485,-4.0,157.0,794.0,0.0021100000000000003
2021-10-06 22:58:40,0.00734,0.0485,-4.0,157.0,794.0,0.0033799999999999998
2021-10-06 22:59:41,0.0107,0.0485,-4.0,157.0,795.0,0.0050799999999999994
2021-10-06 23:00:42,0.014,0.0485,-4.0,157.0,794.0,0.007259999999999999
2021-10-06 23:01:42,0.0146,0.0486,-4.0,157.0,795.0,0.00747
2021-10-06 23:02:43,0.0126,0.0486,-4.0,157.0,795.0,0.00632
2021-10-06 23:03:43,1.64,0.0487,-3.0,157.0,794.0,58.7
2021-10-06 23:04:44,0.02,0.0486,-4.0,157.0,794.0,4.17
2021-10-06 23:05:44,0.02,0.0485,-4.0,157.0,794.0,4.17
2021-10-06 23:06:45,0.02,0.0485,-4.0,157.0,795.0,4.19
2021-10-06 23:07:45,0.02,0.0485,-3.0,157.0,795.0,4.19
2021-10-06 23:08:46,0.02,0.0485,-3.0,157.0,795.0,4.18
2021-10-06 23:09:47,0.02,0.0485,-3.0,157.0,795.0,4.18
2021-10-06 23:10:47,0.02,0.0485,-4.0,157.0,795.0,4.19
2021-10-06 23:11:48,0.02,0.0485,-3.0,157.0,795.0,4.19
2021-10-06 23:12:48,0.02,0.0485,-3.0,157.0,795.0,4.17
2021-10-06 23:13:49,0.02,0.0484,-3.0,157.0,795.0,4.18
2021-10-06 23:14:49,0.02,0.0485,-3.0,157.0,795.0,4.2
2021-10-06 23:15:50,0.02,0.0485,-3.0,157.0,795.0,4.19
2021-10-06 23:16:50,0.02,0.0485,-3.0,157.0,794.0,4.21
2021-10-06 23:17:51,0.02,0.0485,-3.0,157.0,795.0,4.19
2021-10-06 23:18:51,0.02,0.0485,-3.0,157.0,795.0,4.19
2021-10-06 23:19:52,0.02,0.0485,-3.0,157.0,795.0,4.17
2021-10-06 23:20:52,0.02,0.0485,-3.0,157.0,796.0,4.21
2021-10-06 23:21:53,0.02,0.0484,-3.0,157.0,796.0,4.2
2021-10-06 23:22:54,0.02,0.0484,-3.0,157.0,794.0,4.2
2021-10-06 23:23:54,0.02,0.0485,-3.0,157.0,795.0,4.19
2021-10-06 23:24:55,0.02,0.0484,-3.0,157.0,795.0,4.21
2021-10-06 23:25:55,0.02,0.0484,-3.0,157.0,795.0,4.22
2021-10-06 23:26:56,0.02,0.0485,-3.0,156.0,796.0,4.19
2021-10-06 23:27:56,0.02,0.0485,-3.0,157.0,795.0,4.21
2021-10-06 23:28:57,0.02,0.0484,-3.0,157.0,794.0,4.22
2021-10-06 23:29:58,0.02,0.0485,-3.0,157.0,794.0,4.21
2021-10-06 23:30:58,0.02,0.0485,-3.0,157.0,795.0,4.21
2021-10-06 23:31:59,0.02,0.0484,-2.0,157.0,795.0,4.21
2021-10-06 23:32:59,0.02,0.0484,-3.0,157.0,795.0,4.24
2021-10-06 23:34:00,0.02,0.0485,-3.0,157.0,794.0,4.24
2021-10-06 23:35:01,0.02,0.0484,-3.0,156.0,795.0,4.23
2021-10-06 23:36:01,0.02,0.0484,-3.0,157.0,795.0,4.23
2021-10-06 23:37:02,0.02,0.0484,-3.0,157.0,794.0,4.24
2021-10-06 23:38:02,0.02,0.0484,-3.0,157.0,794.0,4.23
2021-10-06 23:39:03,0.02,0.0485,-3.0,157.0,795.0,4.22
2021-10-06 23:40:03,0.02,0.0484,-3.0,156.0,794.0,4.23
2021-10-06 23:41:04,0.02,0.0484,-3.0,157.0,795.0,4.24
2021-10-06 23:42:04,0.02,0.0485,-3.0,157.0,795.0,4.25
2021-10-06 23:43:05,0.02,0.0484,-2.0,157.0,795.0,4.24
2021-10-06 23:44:05,0.02,0.0484,-3.0,157.0,794.0,4.25
2021-10-06 23:45:06,0.02,0.0485,-3.0,157.0,795.0,4.25
2021-10-06 23:46:06,0.02,0.0485,-2.0,157.0,795.0,4.26
2021-10-06 23:47:07,0.02,0.0484,-3.0,157.0,795.0,4.25
2021-10-06 23:48:08,0.02,0.0485,-3.0,157.0,795.0,4.25
2021-10-06 23:49:08,0.02,0.0485,-2.0,157.0,796.0,4.25
2021-10-06 23:50:09,0.02,0.0484,-3.0,157.0,795.0,4.26
2021-10-06 23:51:09,0.02,0.0484,-3.0,157.0,795.0,4.29
2021-10-06 23:52:10,0.02,0.0485,-3.0,157.0,795.0,4.25
2021-10-06 23:53:10,0.02,0.0485,-3.0,157.0,794.0,4.26
2021-10-06 23:54:11,0.02,0.0484,-3.0,157.0,795.0,4.25
2021-10-06 23:55:11,0.02,0.0484,-2.0,156.0,795.0,4.25
2021-10-06 23:56:12,0.02,0.0485,-3.0,157.0,795.0,4.27
2021-10-06 23:57:12,0.02,0.0485,-2.0,156.0,795.0,4.3
2021-10-06 23:58:13,0.02,0.0484,-3.0,156.0,794.0,4.25
2021-10-06 23:59:14,0.02,0.0484,-3.0,157.0,795.0,4.29
2021-10-07 00:00:14,0.02,0.0485,-3.0,157.0,794.0,4.27
2021-10-07 00:01:15,0.02,0.0484,-2.0,157.0,795.0,4.29
2021-10-07 00:02:16,0.02,0.0484,-2.0,157.0,795.0,4.29
2021-10-07 00:03:16,0.02,0.0485,-2.0,157.0,795.0,4.28
2021-10-07 00:04:17,0.02,0.0485,-2.0,157.0,795.0,4.32
2021-10-07 00:05:17,0.02,0.0484,-2.0,157.0,795.0,4.3
2021-10-07 00:06:18,0.02,0.0484,-2.0,157.0,794.0,4.28
2021-10-07 00:07:18,0.02,0.0485,-2.0,157.0,795.0,4.28
2021-10-07 00:08:19,0.02,0.0485,-2.0,157.0,795.0,4.3
2021-10-07 00:09:19,0.02,0.0485,-2.0,157.0,795.0,4.27
2021-10-07 00:10:20,0.02,0.0484,-2.0,157.0,795.0,4.26
2021-10-07 00:11:20,0.02,0.0485,-2.0,157.0,795.0,4.28
2021-10-07 00:12:21,0.02,0.0485,-2.0,157.0,794.0,4.29
2021-10-07 00:13:21,0.02,0.0485,-2.0,156.0,794.0,4.31
2021-10-07 00:14:22,0.02,0.0484,-3.0,157.0,793.0,4.27
2021-10-07 00:15:22,0.02,0.0485,-2.0,156.0,794.0,4.28
2021-10-07 00:16:23,0.02,0.0485,-2.0,156.0,793.0,4.3
2021-10-07 00:17:23,0.02,0.0485,-2.0,156.0,794.0,4.27
2021-10-07 00:18:24,0.02,0.0485,-2.0,157.0,794.0,4.3
2021-10-07 00:19:24,0.02,0.0485,-2.0,156.0,794.0,4.33
2021-10-07 00:20:25,0.02,0.0485,-2.0,157.0,794.0,4.3
2021-10-07 00:21:25,0.02,0.0485,-2.0,156.0,794.0,4.32
2021-10-07 00:22:26,0.02,0.0486,-2.0,157.0,794.0,4.31
2021-10-07 00:23:26,0.02,0.0486,-2.0,156.0,794.0,4.33
2021-10-07 00:24:27,0.02,0.0485,-2.0,157.0,794.0,4.33
2021-10-07 00:25:27,0.02,0.0486,-2.0,156.0,795.0,4.31
2021-10-07 00:26:28,0.02,0.0486,-2.0,157.0,795.0,4.32
2021-10-07 00:27:28,0.02,0.0486,-2.0,157.0,795.0,4.34
2021-10-07 00:28:29,0.02,0.0486,-2.0,157.0,794.0,4.33
2021-10-07 00:29:29,0.02,0.0486,-2.0,157.0,795.0,4.36
2021-10-07 00:30:30,0.02,0.0486,-2.0,157.0,795.0,4.34
2021-10-07 00:31:30,0.02,0.0486,-2.0,157.0,795.0,4.34
2021-10-07 00:32:31,0.02,0.0487,-2.0,156.0,796.0,4.34
2021-10-07 00:33:31,0.02,0.0486,-2.0,156.0,795.0,4.32
2021-10-07 00:34:32,0.02,0.0486,-2.0,157.0,795.0,4.34
2021-10-07 00:35:32,0.02,0.0486,-2.0,157.0,795.0,4.33
2021-10-07 00:36:33,0.02,0.0487,-2.0,157.0,795.0,4.35
2021-10-07 00:37:33,0.02,0.0487,-2.0,157.0,795.0,4.35
2021-10-07 00:38:34,0.02,0.0487,-2.0,157.0,795.0,4.33
2021-10-07 00:39:34,0.02,0.0487,-2.0,157.0,794.0,4.33
2021-10-07 00:40:35,0.02,0.0487,-2.0,157.0,794.0,4.33
2021-10-07 00:41:35,0.02,0.0487,-2.0,156.0,794.0,4.34
2021-10-07 00:42:36,0.02,0.0488,-2.0,156.0,795.0,4.32
2021-10-07 00:43:36,0.02,0.0488,-2.0,157.0,794.0,4.33
2021-10-07 00:44:37,0.02,0.0488,-2.0,156.0,795.0,4.35
2021-10-07 00:45:37,0.02,0.0488,-2.0,157.0,794.0,4.36
2021-10-07 00:46:38,0.02,0.0488,-2.0,156.0,793.0,4.36
2021-10-07 00:47:38,0.02,0.0488,-2.0,157.0,794.0,4.36
2021-10-07 00:48:39,0.02,0.0489,-2.0,157.0,793.0,4.38
2021-10-07 00:49:39,0.02,0.0488,-2.0,156.0,794.0,4.37
2021-10-07 00:50:40,0.02,0.0488,-2.0,156.0,793.0,4.37
2021-10-07 00:51:40,0.02,0.0488,-2.0,157.0,794.0,4.38
2021-10-07 00:52:41,0.02,0.0488,-2.0,157.0,794.0,4.37
2021-10-07 00:53:42,0.02,0.0488,-2.0,157.0,794.0,4.35
2021-10-07 00:54:42,0.02,0.0488,-2.0,157.0,794.0,4.37
2021-10-07 00:55:43,0.02,0.0489,-2.0,157.0,794.0,4.37
2021-10-07 00:56:43,0.02,0.0488,-2.0,157.0,794.0,4.36
2021-10-07 00:57:44,0.02,0.0488,-2.0,157.0,793.0,4.35
2021-10-07 00:58:44,0.02,0.0488,-2.0,156.0,793.0,4.36
2021-10-07 00:59:45,0.02,0.0488,-2.0,157.0,794.0,4.39
2021-10-07 01:00:45,0.02,0.0489,-2.0,157.0,794.0,4.37
2021-10-07 01:01:46,0.02,0.0488,-2.0,157.0,793.0,4.37
2021-10-07 01:02:47,0.02,0.0488,-2.0,157.0,794.0,4.38
2021-10-07 01:03:47,0.02,0.049,-2.0,157.0,794.0,4.37
2021-10-07 01:04:48,0.02,0.0489,-2.0,157.0,794.0,4.37
2021-10-07 01:05:48,0.02,0.0488,-2.0,157.0,794.0,4.4
2021-10-07 01:06:49,0.02,0.0488,-2.0,157.0,794.0,4.38
2021-10-07 01:07:49,0.02,0.0489,-2.0,157.0,794.0,4.37
2021-10-07 01:08:50,0.02,0.049,-2.0,157.0,795.0,4.38
2021-10-07 01:09:50,0.02,0.0489,-2.0,157.0,793.0,4.37
2021-10-07 01:10:51,0.02,0.049,-2.0,157.0,794.0,4.39
2021-10-07 01:11:52,0.02,0.0489,-2.0,157.0,794.0,4.37
2021-10-07 01:12:52,0.02,0.049,-2.0,157.0,793.0,4.37
2021-10-07 01:13:53,0.02,0.049,-2.0,156.0,793.0,4.38
2021-10-07 01:14:53,0.02,0.0489,-2.0,156.0,794.0,4.38
2021-10-07 01:15:54,0.02,0.049,-2.0,156.0,794.0,4.41
2021-10-07 01:16:55,0.02,0.0488,-2.0,157.0,794.0,4.39
2021-10-07 01:17:55,0.02,0.049,-2.0,157.0,794.0,4.41
2021-10-07 01:18:55,0.02,0.049,-2.0,157.0,794.0,4.41
2021-10-07 01:19:56,0.02,0.049,-2.0,157.0,794.0,4.4
2021-10-07 01:20:57,0.02,0.0489,-2.0,156.0,795.0,4.39
2021-10-07 01:21:57,0.02,0.049,-2.0,157.0,794.0,4.42
2021-10-07 01:22:57,0.02,0.0491,-2.0,156.0,794.0,4.4
2021-10-07 01:23:58,0.02,0.049,-2.0,157.0,794.0,4.42
2021-10-07 01:24:58,0.02,0.049,-2.0,156.0,794.0,4.42
2021-10-07 01:25:59,0.02,0.049,-2.0,157.0,794.0,4.4
2021-10-07 01:27:00,0.02,0.0491,-2.0,157.0,793.0,4.41
2021-10-07 01:28:00,0.02,0.0491,-2.0,157.0,794.0,4.43
2021-10-07 01:29:00,0.02,0.0491,-2.0,157.0,794.0,4.41
2021-10-07 01:30:01,0.02,0.0491,-2.0,157.0,794.0,4.41
2021-10-07 01:31:02,0.02,0.0491,-2.0,156.0,794.0,4.41
2021-10-07 01:32:02,0.02,0.0492,-2.0,157.0,794.0,4.42
2021-10-07 01:33:03,0.02,0.0492,-2.0,157.0,794.0,4.43
2021-10-07 01:34:03,0.02,0.0492,-2.0,156.0,794.0,4.43
2021-10-07 01:35:04,0.02,0.0492,-2.0,156.0,794.0,4.41
2021-10-07 01:36:05,0.02,0.0492,-2.0,157.0,794.0,4.44
2021-10-07 01:37:05,0.02,0.0493,-2.0,156.0,793.0,4.42
2021-10-07 01:38:06,0.02,0.0492,-2.0,157.0,794.0,4.41
2021-10-07 01:39:06,0.02,0.0493,-1.0,157.0,794.0,4.43
2021-10-07 01:40:07,0.02,0.0492,-1.0,156.0,793.0,4.44
2021-10-07 01:41:07,0.02,0.0493,-2.0,157.0,794.0,4.42
2021-10-07 01:42:08,0.02,0.0493,-1.0,157.0,795.0,4.43
2021-10-07 01:43:08,0.02,0.0493,-2.0,156.0,793.0,4.42
2021-10-07 01:44:09,0.02,0.0493,-2.0,156.0,794.0,4.44
2021-10-07 01:45:09,0.02,0.0493,-2.0,156.0,794.0,4.44
2021-10-07 01:46:10,0.02,0.0493,-2.0,157.0,795.0,4.43
2021-10-07 01:47:10,0.02,0.0493,-2.0,156.0,794.0,4.43
2021-10-07 01:48:11,0.02,0.0493,-2.0,156.0,794.0,4.42
2021-10-07 01:49:11,0.02,0.0493,-2.0,157.0,793.0,4.44
2021-10-07 01:50:12,0.02,0.0493,-2.0,156.0,793.0,4.44
2021-10-07 01:51:12,0.02,0.0494,-2.0,157.0,794.0,4.45
2021-10-07 01:52:13,0.02,0.0493,-1.0,157.0,794.0,4.45
2021-10-07 01:53:13,0.02,0.0493,-1.0,157.0,794.0,4.48
2021-10-07 01:54:14,0.02,0.0494,-2.0,157.0,793.0,4.47
2021-10-07 01:55:14,0.02,0.0494,-2.0,156.0,792.0,4.44
2021-10-07 01:56:15,0.02,0.0494,-2.0,157.0,793.0,4.46
2021-10-07 01:57:16,0.02,0.0493,-2.0,157.0,793.0,4.48
2021-10-07 01:58:16,0.02,0.0493,-2.0,156.0,792.0,4.46
2021-10-07 01:59:17,0.02,0.0493,-2.0,157.0,794.0,4.45
2021-10-07 02:00:17,0.02,0.0493,-1.0,156.0,794.0,4.45
2021-10-07 02:01:18,0.02,0.0494,-2.0,157.0,794.0,4.46
2021-10-07 02:02:18,0.02,0.0494,-1.0,157.0,794.0,4.47
2021-10-07 02:03:19,0.02,0.0494,-1.0,157.0,794.0,4.45
2021-10-07 02:04:19,0.02,0.0494,-1.0,156.0,794.0,4.46
2021-10-07 02:05:20,0.02,0.0494,-2.0,157.0,794.0,4.45
2021-10-07 02:06:20,0.02,0.0493,-2.0,156.0,794.0,4.46
2021-10-07 02:07:21,0.02,0.0493,-2.0,156.0,794.0,4.48
2021-10-07 02:08:21,0.02,0.0495,-1.0,157.0,793.0,4.47
2021-10-07 02:09:22,0.02,0.0494,-2.0,157.0,793.0,4.49
2021-10-07 02:10:23,0.02,0.0494,-1.0,157.0,794.0,4.47
2021-10-07 02:11:23,0.02,0.0494,-1.0,156.0,794.0,4.45
2021-10-07 02:12:23,0.02,0.0494,-2.0,156.0,794.0,4.47
2021-10-07 02:13:24,0.02,0.0494,-1.0,157.0,794.0,4.49
2021-10-07 02:14:24,0.02,0.0494,-1.0,157.0,793.0,4.46
2021-10-07 02:15:25,0.02,0.0494,-2.0,156.0,794.0,4.47
2021-10-07 02:16:26,0.02,0.0494,-2.0,156.0,793.0,4.48
2021-10-07 02:17:26,0.02,0.0495,-2.0,156.0,794.0,4.47
2021-10-07 02:18:27,0.02,0.0495,-2.0,157.0,793.0,4.5
2021-10-07 02:19:27,0.02,0.0495,-1.0,157.0,794.0,4.46
2021-10-07 02:20:28,0.02,0.0495,-1.0,157.0,794.0,4.47
2021-10-07 02:21:28,0.02,0.0496,-1.0,157.0,794.0,4.47
2021-10-07 02:22:29,0.02,0.0496,-1.0,157.0,794.0,4.47
2021-10-07 02:23:29,0.02,0.0495,-1.0,156.0,794.0,4.48
2021-10-07 02:24:30,0.02,0.0495,-1.0,157.0,794.0,4.48
2021-10-07 02:25:30,0.02,0.0496,-1.0,157.0,795.0,4.48
2021-10-07 02:26:31,0.02,0.0496,-1.0,156.0,793.0,4.46
2021-10-07 02:27:31,0.02,0.0496,-1.0,157.0,793.0,4.48
2021-10-07 02:28:32,0.02,0.0496,-1.0,156.0,793.0,4.47
2021-10-07 02:29:33,0.02,0.0496,-1.0,156.0,794.0,4.5
2021-10-07 02:30:33,0.02,0.0497,-1.0,157.0,794.0,4.51
2021-10-07 02:31:34,0.02,0.0497,-1.0,156.0,794.0,4.51
2021-10-07 02:32:34,0.02,0.0497,-2.0,156.0,794.0,4.51
2021-10-07 02:33:35,0.02,0.0497,-1.0,157.0,794.0,4.5
2021-10-07 02:34:36,0.02,0.0497,-1.0,156.0,794.0,4.5
2021-10-07 02:35:36,0.02,0.0497,-2.0,156.0,794.0,4.51
2021-10-07 02:36:37,0.02,0.0497,-1.0,157.0,793.0,4.51
2021-10-07 02:37:37,0.02,0.0498,-1.0,157.0,792.0,4.52
2021-10-07 02:38:38,0.02,0.0497,-1.0,156.0,794.0,4.51
2021-10-07 02:39:38,0.02,0.0497,-1.0,156.0,794.0,4.51
2021-10-07 02:40:39,0.02,0.0497,-1.0,156.0,794.0,4.51
2021-10-07 02:41:39,0.02,0.0498,-1.0,156.0,794.0,4.54
2021-10-07 02:42:40,0.02,0.0497,-1.0,156.0,794.0,4.53
2021-10-07 02:43:40,0.02,0.0498,-1.0,156.0,793.0,4.53
2021-10-07 02:44:41,0.02,0.0498,-1.0,156.0,794.0,4.53
2021-10-07 02:45:41,0.02,0.0497,-1.0,157.0,794.0,4.51
2021-10-07 02:46:42,0.02,0.0498,-1.0,156.0,794.0,4.53
2021-10-07 02:47:42,0.02,0.0498,-1.0,156.0,794.0,4.5
2021-10-07 02:48:43,0.02,0.0498,-1.0,157.0,794.0,4.53
2021-10-07 02:49:43,0.02,0.0498,-1.0,156.0,794.0,4.52
2021-10-07 02:50:44,0.02,0.0498,-1.0,156.0,793.0,4.53
2021-10-07 02:51:44,0.02,0.0499,-1.0,157.0,794.0,4.52
2021-10-07 02:52:45,0.02,0.0498,-1.0,156.0,794.0,4.51
2021-10-07 02:53:45,0.02,0.0498,-1.0,156.0,794.0,4.51
2021-10-07 02:54:46,0.02,0.0499,-1.0,157.0,794.0,4.54
2021-10-07 02:55:46,0.02,0.0498,-1.0,157.0,794.0,4.52
2021-10-07 02:56:47,0.02,0.0498,-1.0,157.0,794.0,4.53
2021-10-07 02:57:47,0.02,0.0498,-1.0,157.0,793.0,4.54
2021-10-07 02:58:48,0.02,0.0499,-1.0,156.0,794.0,4.54
2021-10-07 02:59:49,0.02,0.0499,-1.0,156.0,794.0,4.55
2021-10-07 03:00:49,0.02,0.0499,-1.0,157.0,794.0,4.53
2021-10-07 03:01:49,0.02,0.0498,-1.0,156.0,794.0,4.52
2021-10-07 03:02:50,0.02,0.0498,-1.0,156.0,794.0,4.51
2021-10-07 03:03:50,0.02,0.0499,-1.0,157.0,794.0,4.55
2021-10-07 03:04:51,0.02,0.0498,-1.0,156.0,794.0,4.52
2021-10-07 03:05:51,0.02,0.0498,-1.0,156.0,794.0,4.52
2021-10-07 03:06:52,0.02,0.0498,-1.0,157.0,794.0,4.54
2021-10-07 03:07:52,0.02,0.0498,-1.0,156.0,793.0,4.54
2021-10-07 03:08:53,0.02,0.0499,-2.0,156.0,794.0,4.52
2021-10-07 03:09:53,0.02,0.0499,-1.0,156.0,794.0,4.56
2021-10-07 03:10:54,0.02,0.0499,-1.0,156.0,794.0,4.54
2021-10-07 03:11:54,0.02,0.0499,-2.0,156.0,794.0,4.53
2021-10-07 03:12:55,0.02,0.05,-1.0,156.0,793.0,4.54
2021-10-07 03:13:55,0.02,0.0499,-1.0,157.0,794.0,4.54
2021-10-07 03:14:56,0.02,0.0499,-1.0,156.0,793.0,4.55
2021-10-07 03:15:56,0.02,0.05,-1.0,156.0,794.0,4.53
2021-10-07 03:16:57,0.02,0.05,-1.0,157.0,794.0,4.54
2021-10-07 03:17:57,0.02,0.05,-1.0,157.0,794.0,4.56
2021-10-07 03:18:58,0.02,0.05,-1.0,157.0,793.0,4.56
2021-10-07 03:19:59,0.02,0.05,-1.0,156.0,794.0,4.55
2021-10-07 03:20:59,0.02,0.0501,-1.0,156.0,794.0,4.54
2021-10-07 03:22:00,0.02,0.05,-1.0,157.0,794.0,4.57
2021-10-07 03:23:00,0.02,0.0501,-1.0,156.0,793.0,4.57
2021-10-07 03:24:01,0.02,0.0502,-1.0,156.0,794.0,4.57
2021-10-07 03:25:01,0.02,0.0501,-1.0,157.0,794.0,4.55
2021-10-07 03:26:02,0.02,0.0502,-1.0,156.0,794.0,4.57
2021-10-07 03:27:02,0.02,0.0502,-1.0,156.0,794.0,4.59
2021-10-07 03:28:03,0.02,0.0502,-1.0,156.0,793.0,4.55
2021-10-07 03:29:03,0.02,0.0502,-1.0,156.0,794.0,4.55
2021-10-07 03:30:04,0.02,0.0502,-1.0,156.0,793.0,4.58
2021-10-07 03:31:04,0.02,0.0502,-1.0,156.0,794.0,4.56
2021-10-07 03:32:05,0.02,0.0502,-1.0,157.0,794.0,4.55
2021-10-07 03:33:05,0.02,0.0502,-1.0,156.0,793.0,4.56
2021-10-07 03:34:06,0.02,0.0502,-1.0,156.0,793.0,4.57
2021-10-07 03:35:06,0.02,0.0502,-1.0,156.0,793.0,4.57
2021-10-07 03:36:07,0.02,0.0502,-1.0,157.0,794.0,4.58
2021-10-07 03:37:07,0.02,0.0502,-1.0,157.0,794.0,4.58
2021-10-07 03:38:08,0.02,0.0502,-1.0,156.0,793.0,4.58
2021-10-07 03:39:08,0.02,0.0503,-1.0,156.0,794.0,4.56
2021-10-07 03:40:09,0.02,0.0502,-1.0,156.0,793.0,4.54
2021-10-07 03:41:09,0.02,0.0503,-1.0,156.0,794.0,4.57
2021-10-07 03:42:10,0.02,0.0502,-1.0,157.0,794.0,4.57
2021-10-07 03:43:10,0.02,0.0503,-1.0,156.0,794.0,4.57
2021-10-07 03:44:11,0.02,0.0503,-1.0,157.0,794.0,4.57
2021-10-07 03:45:12,0.02,0.0502,-1.0,157.0,794.0,4.58
2021-10-07 03:46:12,0.02,0.0503,-1.0,156.0,794.0,4.56
2021-10-07 03:47:12,0.02,0.0502,-1.0,156.0,794.0,4.57
2021-10-07 03:48:13,0.02,0.0503,-1.0,157.0,794.0,4.58
2021-10-07 03:49:14,0.02,0.0503,-1.0,156.0,794.0,4.57
2021-10-07 03:50:14,0.02,0.0503,-1.0,157.0,794.0,4.57
2021-10-07 03:51:15,0.02,0.0503,-1.0,157.0,793.0,4.56
2021-10-07 03:52:15,0.02,0.0503,-1.0,156.0,794.0,4.57
2021-10-07 03:53:16,0.02,0.0502,-1.0,157.0,794.0,4.58
2021-10-07 03:54:16,0.02,0.0503,-1.0,156.0,793.0,4.58
2021-10-07 03:55:17,0.02,0.0502,-1.0,156.0,793.0,4.56
2021-10-07 03:56:17,0.02,0.0502,-1.0,157.0,793.0,4.58
2021-10-07 03:57:18,0.02,0.0502,-1.0,157.0,794.0,4.6
2021-10-07 03:58:18,0.02,0.0502,-1.0,156.0,794.0,4.58
2021-10-07 03:59:19,0.02,0.0503,-1.0,157.0,794.0,4.6
2021-10-07 04:00:19,0.02,0.0503,-1.0,156.0,794.0,4.58
2021-10-07 04:01:20,0.02,0.0503,-1.0,157.0,792.0,4.6
2021-10-07 04:02:20,0.02,0.0503,-1.0,157.0,793.0,4.59
2021-10-07 04:03:21,0.02,0.0503,-1.0,156.0,792.0,4.59
2021-10-07 04:04:22,0.02,0.0503,-1.0,157.0,794.0,4.6
2021-10-07 04:05:22,0.02,0.0503,-1.0,156.0,794.0,4.59
2021-10-07 04:06:22,0.02,0.0505,-1.0,157.0,795.0,4.59
2021-10-07 04:07:23,0.02,0.0505,-1.0,156.0,794.0,4.6
2021-10-07 04:08:24,0.02,0.0504,-1.0,157.0,792.0,4.58
2021-10-07 04:09:24,0.02,0.0505,-1.0,156.0,794.0,4.61
2021-10-07 04:10:25,0.02,0.0505,-1.0,156.0,794.0,4.6
2021-10-07 04:11:25,0.02,0.0505,-1.0,156.0,794.0,4.58
2021-10-07 04:12:26,0.02,0.0505,-1.0,157.0,794.0,4.58
2021-10-07 04:13:26,0.02,0.0505,-1.0,156.0,793.0,4.59
2021-10-07 04:14:27,0.02,0.0505,-1.0,157.0,792.0,4.6
2021-10-07 04:15:27,0.02,0.0506,-1.0,156.0,794.0,4.59
2021-10-07 04:16:28,0.02,0.0505,-1.0,157.0,794.0,4.59
2021-10-07 04:17:29,0.02,0.0506,0.0,156.0,793.0,4.61
2021-10-07 04:18:29,0.02,0.0506,-1.0,157.0,793.0,4.59
2021-10-07 04:19:30,0.02,0.0506,-1.0,157.0,793.0,4.61
2021-10-07 04:20:30,0.02,0.0506,-1.0,156.0,792.0,4.6
2021-10-07 04:21:31,0.02,0.0506,-1.0,156.0,792.0,4.61
2021-10-07 04:22:32,0.02,0.0506,-1.0,156.0,792.0,4.6
2021-10-07 04:23:32,0.02,0.0506,-1.0,156.0,792.0,4.63
2021-10-07 04:24:33,0.02,0.0507,-1.0,156.0,792.0,4.61
2021-10-07 04:25:33,0.02,0.0506,-1.0,156.0,793.0,4.63
2021-10-07 04:26:34,0.02,0.0506,0.0,156.0,793.0,4.62
2021-10-07 04:27:34,0.02,0.0507,-1.0,156.0,793.0,4.63
2021-10-07 04:28:35,0.02,0.0507,0.0,156.0,794.0,4.62
2021-10-07 04:29:36,0.02,0.0507,-1.0,157.0,794.0,4.6
2021-10-07 04:30:36,0.02,0.0507,-1.0,156.0,794.0,4.62
2021-10-07 04:31:37,0.02,0.0507,-1.0,157.0,793.0,4.6
2021-10-07 04:32:37,0.02,0.0506,-1.0,156.0,793.0,4.62
2021-10-07 04:33:38,0.02,0.0507,-1.0,156.0,793.0,4.64
2021-10-07 04:34:38,0.02,0.0507,-1.0,157.0,794.0,4.63
2021-10-07 04:35:39,0.02,0.0507,-1.0,157.0,794.0,4.62
2021-10-07 04:36:39,0.02,0.0507,-1.0,156.0,793.0,4.62
2021-10-07 04:37:40,0.02,0.0508,-1.0,156.0,794.0,4.63
2021-10-07 04:38:40,0.02,0.0507,-1.0,156.0,794.0,4.64
2021-10-07 04:39:41,0.02,0.0507,-1.0,156.0,794.0,4.61
2021-10-07 04:40:42,0.02,0.0507,-1.0,156.0,793.0,4.63
2021-10-07 04:41:42,0.02,0.0508,-1.0,156.0,793.0,4.62
2021-10-07 04:42:43,0.02,0.0507,-1.0,157.0,794.0,4.64
2021-10-07 04:43:43,0.02,0.0507,-1.0,157.0,794.0,4.61
2021-10-07 04:44:43,0.02,0.0508,-1.0,157.0,793.0,4.64
2021-10-07 04:45:44,0.02,0.0507,-1.0,157.0,794.0,4.62
2021-10-07 04:46:45,0.02,0.0507,-1.0,156.0,794.0,4.63
2021-10-07 04:47:45,0.02,0.0507,-1.0,156.0,793.0,4.63
2021-10-07 04:48:46,0.02,0.0507,-1.0,157.0,794.0,4.63
2021-10-07 04:49:46,0.02,0.0507,-1.0,156.0,793.0,4.64
2021-10-07 04:50:47,0.02,0.0508,-1.0,156.0,794.0,4.64
2021-10-07 04:51:47,0.02,0.0508,-1.0,156.0,794.0,4.63
2021-10-07 04:52:48,0.02,0.0508,-1.0,157.0,794.0,4.65
2021-10-07 04:53:48,0.02,0.0508,-1.0,156.0,793.0,4.64
2021-10-07 04:54:49,0.02,0.0508,-1.0,156.0,793.0,4.65
