datetime,T1
2021-10-06 00:00:27,294.641
2021-10-06 00:01:07,294.651
2021-10-06 00:01:47,294.665
2021-10-06 00:02:27,294.673
2021-10-06 00:03:08,294.673
2021-10-06 00:03:48,294.69
2021-10-06 00:04:28,294.692
2021-10-06 00:05:08,294.695
2021-10-06 00:05:49,294.694
2021-10-06 00:06:29,294.694
2021-10-06 00:07:09,294.688
2021-10-06 00:07:49,294.692
2021-10-06 00:08:29,294.69
2021-10-06 00:09:10,294.691
2021-10-06 00:09:50,294.691
2021-10-06 00:10:30,294.695
2021-10-06 00:11:10,294.699
2021-10-06 00:11:50,294.7
2021-10-06 00:12:31,294.704
2021-10-06 00:13:11,294.704
2021-10-06 00:13:51,294.71
2021-10-06 00:14:31,294.714
2021-10-06 00:15:11,294.715
2021-10-06 00:15:52,294.719
2021-10-06 00:16:32,294.719
2021-10-06 00:17:12,294.721
2021-10-06 00:17:52,294.72
2021-10-06 00:18:33,294.719
2021-10-06 00:19:13,294.715
2021-10-06 00:19:53,294.715
2021-10-06 00:20:33,294.707
2021-10-06 00:21:13,294.701
2021-10-06 00:21:54,294.695
2021-10-06 00:22:34,294.689
2021-10-06 00:23:14,294.689
2021-10-06 00:23:54,294.689
2021-10-06 00:24:35,294.696
2021-10-06 00:25:15,294.705
2021-10-06 00:25:55,294.714
2021-10-06 00:26:35,294.726
2021-10-06 00:27:15,294.726
2021-10-06 00:27:56,294.739
2021-10-06 00:28:36,294.754
2021-10-06 00:29:16,294.764
2021-10-06 00:29:56,294.786
2021-10-06 00:30:36,294.786
2021-10-06 00:31:17,294.794
2021-10-06 00:31:57,294.802
2021-10-06 00:32:37,294.807
2021-10-06 00:33:17,294.808
2021-10-06 00:33:57,294.808
2021-10-06 00:34:38,294.813
2021-10-06 00:35:18,294.811
2021-10-06 00:35:58,294.814
2021-10-06 00:36:38,294.821
2021-10-06 00:37:18,294.821
2021-10-06 00:37:58,294.827
2021-10-06 00:38:39,294.834
2021-10-06 00:39:19,294.842
2021-10-06 00:39:59,294.852
2021-10-06 00:40:39,294.852
2021-10-06 00:41:19,294.864
2021-10-06 00:42:00,294.874
2021-10-06 00:42:40,294.881
2021-10-06 00:43:20,294.88
2021-10-06 00:44:00,294.88
2021-10-06 00:44:40,294.889
2021-10-06 00:45:21,294.884
2021-10-06 00:46:01,294.885
2021-10-06 00:46:41,294.881
2021-10-06 00:47:21,294.881
2021-10-06 00:48:01,294.873
2021-10-06 00:48:42,294.867
2021-10-06 00:49:22,294.867
2021-10-06 00:50:02,294.865
2021-10-06 00:50:42,294.865
2021-10-06 00:51:22,294.859
2021-10-06 00:52:03,294.851
2021-10-06 00:52:43,294.844
2021-10-06 00:53:23,294.839
2021-10-06 00:54:03,294.839
2021-10-06 00:54:43,294.833
2021-10-06 00:55:24,294.829
2021-10-06 00:56:04,294.826
2021-10-06 00:56:44,294.821
2021-10-06 00:57:24,294.819
2021-10-06 00:58:05,294.819
2021-10-06 00:58:45,294.815
2021-10-06 00:59:25,294.81
2021-10-06 01:00:05,294.809
2021-10-06 01:00:45,294.802
2021-10-06 01:01:26,294.802
2021-10-06 01:02:06,294.8
2021-10-06 01:02:46,294.799
2021-10-06 01:03:26,294.801
2021-10-06 01:04:07,294.8
2021-10-06 01:04:47,294.8
2021-10-06 01:05:27,294.796
2021-10-06 01:06:07,294.795
2021-10-06 01:06:47,294.799
2021-10-06 01:07:28,294.795
2021-10-06 01:08:08,294.795
2021-10-06 01:08:48,294.792
2021-10-06 01:09:28,294.78
2021-10-06 01:10:08,294.767
2021-10-06 01:10:49,294.751
2021-10-06 01:11:29,294.751
2021-10-06 01:12:09,294.739
2021-10-06 01:12:49,294.729
2021-10-06 01:13:29,294.725
2021-10-06 01:14:10,294.716
2021-10-06 01:14:50,294.716
2021-10-06 01:15:30,294.714
2021-10-06 01:16:10,294.712
2021-10-06 01:16:51,294.711
2021-10-06 01:17:31,294.711
2021-10-06 01:18:11,294.711
2021-10-06 01:18:51,294.714
2021-10-06 01:19:31,294.713
2021-10-06 01:20:12,294.713
2021-10-06 01:20:52,294.714
2021-10-06 01:21:32,294.714
2021-10-06 01:22:12,294.715
2021-10-06 01:22:52,294.712
2021-10-06 01:23:33,294.711
2021-10-06 01:24:13,294.708
2021-10-06 01:24:53,294.708
2021-10-06 01:25:33,294.709
2021-10-06 01:26:13,294.706
2021-10-06 01:26:54,294.702
2021-10-06 01:27:34,294.693
2021-10-06 01:28:14,294.693
2021-10-06 01:28:54,294.681
2021-10-06 01:29:35,294.675
2021-10-06 01:30:15,294.664
2021-10-06 01:30:55,294.654
2021-10-06 01:31:35,294.649
2021-10-06 01:32:15,294.649
2021-10-06 01:32:56,294.638
2021-10-06 01:33:36,294.638
2021-10-06 01:34:16,294.632
2021-10-06 01:34:56,294.63
2021-10-06 01:35:37,294.63
2021-10-06 01:36:17,294.63
2021-10-06 01:36:57,294.625
2021-10-06 01:37:37,294.624
2021-10-06 01:38:17,294.623
2021-10-06 01:38:58,294.623
2021-10-06 01:39:38,294.622
2021-10-06 01:40:18,294.619
2021-10-06 01:40:58,294.617
2021-10-06 01:41:38,294.617
2021-10-06 01:42:19,294.617
2021-10-06 01:42:59,294.617
2021-10-06 01:43:39,294.615
2021-10-06 01:44:19,294.615
2021-10-06 01:45:00,294.616
2021-10-06 01:45:40,294.616
2021-10-06 01:46:20,294.614
2021-10-06 01:47:00,294.613
2021-10-06 01:47:40,294.611
2021-10-06 01:48:21,294.613
2021-10-06 01:49:01,294.613
2021-10-06 01:49:41,294.614
2021-10-06 01:50:21,294.612
2021-10-06 01:51:01,294.614
2021-10-06 01:51:42,294.614
2021-10-06 01:52:22,294.614
2021-10-06 01:53:02,294.616
2021-10-06 01:53:42,294.624
2021-10-06 01:54:22,294.622
2021-10-06 01:55:03,294.624
2021-10-06 01:55:43,294.624
2021-10-06 01:56:23,294.621
2021-10-06 01:57:03,294.618
2021-10-06 01:57:43,294.606
2021-10-06 01:58:24,294.596
2021-10-06 01:59:04,294.596
2021-10-06 01:59:44,294.585
2021-10-06 02:00:24,294.578
2021-10-06 02:01:05,294.569
2021-10-06 02:01:45,294.565
2021-10-06 02:02:25,294.563
2021-10-06 02:03:05,294.563
2021-10-06 02:03:46,294.561
2021-10-06 02:04:26,294.559
2021-10-06 02:05:06,294.557
2021-10-06 02:05:46,294.556
2021-10-06 02:06:26,294.556
2021-10-06 02:07:07,294.556
2021-10-06 02:07:47,294.558
2021-10-06 02:08:27,294.556
2021-10-06 02:09:07,294.557
2021-10-06 02:09:48,294.557
2021-10-06 02:10:28,294.553
2021-10-06 02:11:08,294.555
2021-10-06 02:11:48,294.559
2021-10-06 02:12:28,294.555
2021-10-06 02:13:09,294.555
2021-10-06 02:13:49,294.559
2021-10-06 02:14:29,294.559
2021-10-06 02:15:09,294.555
2021-10-06 02:15:49,294.548
2021-10-06 02:16:29,294.548
2021-10-06 02:17:10,294.543
2021-10-06 02:17:50,294.529
2021-10-06 02:18:30,294.521
2021-10-06 02:19:10,294.512
2021-10-06 02:19:51,294.512
2021-10-06 02:20:31,294.508
2021-10-06 02:21:11,294.502
2021-10-06 02:21:51,294.5
2021-10-06 02:22:31,294.497
2021-10-06 02:23:12,294.497
2021-10-06 02:23:52,294.494
2021-10-06 02:24:32,294.496
2021-10-06 02:25:12,294.494
2021-10-06 02:25:52,294.494
2021-10-06 02:26:33,294.494
2021-10-06 02:27:13,294.493
2021-10-06 02:27:53,294.495
2021-10-06 02:28:33,294.494
2021-10-06 02:29:13,294.493
2021-10-06 02:29:54,294.493
2021-10-06 02:30:34,294.494
2021-10-06 02:31:14,294.494
2021-10-06 02:31:54,294.49
2021-10-06 02:32:34,294.496
2021-10-06 02:33:15,294.496
2021-10-06 02:33:55,294.498
2021-10-06 02:34:35,294.497
2021-10-06 02:35:15,294.5
2021-10-06 02:35:56,294.499
2021-10-06 02:36:36,294.501
2021-10-06 02:37:16,294.501
2021-10-06 02:37:56,294.502
2021-10-06 02:38:37,294.501
2021-10-06 02:39:17,294.5
2021-10-06 02:39:57,294.493
2021-10-06 02:40:37,294.493
2021-10-06 02:41:17,294.488
2021-10-06 02:41:58,294.476
2021-10-06 02:42:38,294.469
2021-10-06 02:43:18,294.462
2021-10-06 02:43:58,294.462
2021-10-06 02:44:38,294.456
2021-10-06 02:45:18,294.455
2021-10-06 02:45:59,294.454
2021-10-06 02:46:39,294.452
2021-10-06 02:47:19,294.452
2021-10-06 02:47:59,294.452
2021-10-06 02:48:39,294.455
2021-10-06 02:49:20,294.453
2021-10-06 02:50:00,294.451
2021-10-06 02:50:40,294.451
2021-10-06 02:51:20,294.45
2021-10-06 02:52:00,294.452
2021-10-06 02:52:41,294.452
2021-10-06 02:53:21,294.454
2021-10-06 02:54:01,294.454
2021-10-06 02:54:41,294.457
2021-10-06 02:55:21,294.459
2021-10-06 02:56:02,294.459
2021-10-06 02:56:42,294.46
2021-10-06 02:57:22,294.46
2021-10-06 02:58:02,294.458
2021-10-06 02:58:43,294.453
2021-10-06 02:59:23,294.449
2021-10-06 03:00:03,294.446
2021-10-06 03:00:43,294.446
2021-10-06 03:01:23,294.445
2021-10-06 03:02:03,294.44
2021-10-06 03:02:44,294.444
2021-10-06 03:03:24,294.443
2021-10-06 03:04:04,294.443
2021-10-06 03:04:44,294.446
2021-10-06 03:05:25,294.448
2021-10-06 03:06:05,294.446
2021-10-06 03:06:45,294.449
2021-10-06 03:07:25,294.449
2021-10-06 03:08:06,294.453
2021-10-06 03:08:46,294.453
2021-10-06 03:09:26,294.453
2021-10-06 03:10:06,294.448
2021-10-06 03:10:46,294.44
2021-10-06 03:11:27,294.44
2021-10-06 03:12:07,294.433
2021-10-06 03:12:47,294.422
2021-10-06 03:13:27,294.417
2021-10-06 03:14:08,294.413
2021-10-06 03:14:48,294.413
2021-10-06 03:15:28,294.408
2021-10-06 03:16:08,294.408
2021-10-06 03:16:48,294.403
2021-10-06 03:17:29,294.404
2021-10-06 03:18:09,294.404
2021-10-06 03:18:49,294.404
2021-10-06 03:19:29,294.409
2021-10-06 03:20:09,294.407
2021-10-06 03:20:50,294.41
2021-10-06 03:21:30,294.41
2021-10-06 03:22:10,294.413
2021-10-06 03:22:50,294.417
2021-10-06 03:23:30,294.421
2021-10-06 03:24:11,294.42
2021-10-06 03:24:51,294.42
2021-10-06 03:25:31,294.425
2021-10-06 03:26:11,294.424
2021-10-06 03:26:51,294.427
2021-10-06 03:27:32,294.423
2021-10-06 03:28:12,294.423
2021-10-06 03:28:52,294.424
2021-10-06 03:29:32,294.413
2021-10-06 03:30:12,294.407
2021-10-06 03:30:53,294.399
2021-10-06 03:31:33,294.399
2021-10-06 03:32:13,294.395
2021-10-06 03:32:53,294.39
2021-10-06 03:33:33,294.388
2021-10-06 03:34:14,294.384
2021-10-06 03:34:54,294.384
2021-10-06 03:35:34,294.385
2021-10-06 03:36:14,294.383
2021-10-06 03:36:54,294.383
2021-10-06 03:37:35,294.385
2021-10-06 03:38:15,294.385
2021-10-06 03:38:55,294.384
2021-10-06 03:39:35,294.384
2021-10-06 03:40:15,294.386
2021-10-06 03:40:56,294.39
2021-10-06 03:41:36,294.39
2021-10-06 03:42:16,294.389
2021-10-06 03:42:57,294.391
2021-10-06 03:43:37,294.392
2021-10-06 03:44:17,294.394
2021-10-06 03:44:57,294.399
2021-10-06 03:45:37,294.399
2021-10-06 03:46:17,294.401
2021-10-06 03:46:58,294.402
2021-10-06 03:47:38,294.407
2021-10-06 03:48:18,294.411
2021-10-06 03:48:58,294.411
2021-10-06 03:49:39,294.415
2021-10-06 03:50:19,294.418
2021-10-06 03:50:59,294.417
2021-10-06 03:51:39,294.412
2021-10-06 03:52:19,294.412
2021-10-06 03:53:00,294.403
2021-10-06 03:53:40,294.394
2021-10-06 03:54:20,294.386
2021-10-06 03:55:00,294.383
2021-10-06 03:55:40,294.383
2021-10-06 03:56:21,294.373
2021-10-06 03:57:01,294.372
2021-10-06 03:57:41,294.368
2021-10-06 03:58:21,294.369
2021-10-06 03:59:02,294.369
2021-10-06 03:59:42,294.366
2021-10-06 04:00:22,294.366
2021-10-06 04:01:02,294.369
2021-10-06 04:01:42,294.367
2021-10-06 04:02:22,294.367
2021-10-06 04:03:03,294.372
2021-10-06 04:03:43,294.374
2021-10-06 04:04:23,294.376
2021-10-06 04:05:03,294.379
2021-10-06 04:05:43,294.379
2021-10-06 04:06:24,294.38
2021-10-06 04:07:04,294.385
2021-10-06 04:07:44,294.384
2021-10-06 04:08:24,294.387
2021-10-06 04:09:05,294.387
2021-10-06 04:09:45,294.392
2021-10-06 04:10:25,294.393
2021-10-06 04:11:05,294.395
2021-10-06 04:11:45,294.394
2021-10-06 04:12:26,294.394
2021-10-06 04:13:06,294.39
2021-10-06 04:13:46,294.387
2021-10-06 04:14:26,294.38
2021-10-06 04:15:06,294.375
2021-10-06 04:15:47,294.375
2021-10-06 04:16:27,294.372
2021-10-06 04:17:07,294.367
2021-10-06 04:17:47,294.365
2021-10-06 04:18:28,294.365
2021-10-06 04:19:08,294.364
2021-10-06 04:19:48,294.364
2021-10-06 04:20:28,294.365
2021-10-06 04:21:09,294.367
2021-10-06 04:21:49,294.371
2021-10-06 04:22:29,294.375
2021-10-06 04:23:09,294.375
2021-10-06 04:23:49,294.377
2021-10-06 04:24:29,294.382
2021-10-06 04:25:10,294.384
2021-10-06 04:25:50,294.386
2021-10-06 04:26:30,294.386
2021-10-06 04:27:10,294.388
2021-10-06 04:27:50,294.394
2021-10-06 04:28:31,294.398
2021-10-06 04:29:11,294.399
2021-10-06 04:29:51,294.399
2021-10-06 04:30:31,294.4
2021-10-06 04:31:12,294.401
2021-10-06 04:31:52,294.397
2021-10-06 04:32:32,294.392
2021-10-06 04:33:12,294.392
2021-10-06 04:33:52,294.383
2021-10-06 04:34:33,294.377
2021-10-06 04:35:13,294.37
2021-10-06 04:35:53,294.368
2021-10-06 04:36:33,294.368
2021-10-06 04:37:13,294.364
2021-10-06 04:37:54,294.361
2021-10-06 04:38:34,294.361
2021-10-06 04:39:14,294.361
2021-10-06 04:39:54,294.361
2021-10-06 04:40:34,294.36
2021-10-06 04:41:15,294.364
2021-10-06 04:41:55,294.369
2021-10-06 04:42:35,294.371
2021-10-06 04:43:15,294.371
2021-10-06 04:43:56,294.372
2021-10-06 04:44:36,294.375
2021-10-06 04:45:16,294.38
2021-10-06 04:45:56,294.382
2021-10-06 04:46:36,294.382
2021-10-06 04:47:17,294.381
2021-10-06 04:47:57,294.385
2021-10-06 04:48:37,294.382
2021-10-06 04:49:17,294.381
2021-10-06 04:49:58,294.373
2021-10-06 04:50:38,294.373
2021-10-06 04:51:18,294.36
2021-10-06 04:51:58,294.354
2021-10-06 04:52:38,294.347
2021-10-06 04:53:19,294.344
2021-10-06 04:53:59,294.344
2021-10-06 04:54:39,294.339
2021-10-06 04:55:19,294.337
2021-10-06 04:55:59,294.335
2021-10-06 04:56:39,294.335
2021-10-06 04:57:20,294.335
2021-10-06 04:58:00,294.336
2021-10-06 04:58:40,294.335
2021-10-06 04:59:20,294.334
2021-10-06 05:00:01,294.336
2021-10-06 05:00:41,294.336
2021-10-06 05:01:21,294.339
2021-10-06 05:02:01,294.339
2021-10-06 05:02:41,294.341
2021-10-06 05:03:22,294.341
2021-10-06 05:04:02,294.341
2021-10-06 05:04:42,294.343
2021-10-06 05:05:22,294.345
2021-10-06 05:06:02,294.353
2021-10-06 05:06:43,294.351
2021-10-06 05:07:23,294.351
2021-10-06 05:08:03,294.352
2021-10-06 05:08:43,294.354
2021-10-06 05:09:24,294.358
2021-10-06 05:10:04,294.361
2021-10-06 05:10:44,294.361
2021-10-06 05:11:24,294.362
2021-10-06 05:12:04,294.362
2021-10-06 05:12:45,294.367
2021-10-06 05:13:25,294.372
2021-10-06 05:14:05,294.372
2021-10-06 05:14:45,294.374
2021-10-06 05:15:25,294.375
2021-10-06 05:16:05,294.377
2021-10-06 05:16:46,294.38
2021-10-06 05:17:26,294.38
2021-10-06 05:18:06,294.385
2021-10-06 05:18:46,294.388
2021-10-06 05:19:27,294.389
2021-10-06 05:20:07,294.391
2021-10-06 05:20:47,294.391
2021-10-06 05:21:27,294.392
2021-10-06 05:22:07,294.392
2021-10-06 05:22:48,294.39
2021-10-06 05:23:28,294.383
2021-10-06 05:24:08,294.374
2021-10-06 05:24:48,294.374
2021-10-06 05:25:28,294.368
2021-10-06 05:26:09,294.36
2021-10-06 05:26:49,294.357
2021-10-06 05:27:29,294.356
2021-10-06 05:28:09,294.356
2021-10-06 05:28:49,294.355
2021-10-06 05:29:30,294.354
2021-10-06 05:30:10,294.352
2021-10-06 05:30:50,294.355
2021-10-06 05:31:30,294.355
2021-10-06 05:32:10,294.354
2021-10-06 05:32:51,294.353
2021-10-06 05:33:31,294.354
2021-10-06 05:34:11,294.357
2021-10-06 05:34:51,294.357
2021-10-06 05:35:31,294.36
2021-10-06 05:36:12,294.362
2021-10-06 05:36:52,294.363
2021-10-06 05:37:32,294.363
2021-10-06 05:38:12,294.363
2021-10-06 05:38:53,294.365
2021-10-06 05:39:33,294.369
2021-10-06 05:40:13,294.37
2021-10-06 05:40:53,294.374
2021-10-06 05:41:33,294.374
2021-10-06 05:42:14,294.373
2021-10-06 05:42:54,294.375
2021-10-06 05:43:34,294.38
2021-10-06 05:44:14,294.38
2021-10-06 05:44:54,294.38
2021-10-06 05:45:35,294.384
2021-10-06 05:46:15,294.386
2021-10-06 05:46:55,294.389
2021-10-06 05:47:35,294.388
2021-10-06 05:48:15,294.388
2021-10-06 05:48:56,294.393
2021-10-06 05:49:36,294.395
2021-10-06 05:50:16,294.399
2021-10-06 05:50:56,294.401
2021-10-06 05:51:36,294.401
2021-10-06 05:52:17,294.402
2021-10-06 05:52:57,294.406
2021-10-06 05:53:37,294.403
2021-10-06 05:54:17,294.4
2021-10-06 05:54:58,294.4
2021-10-06 05:55:38,294.391
2021-10-06 05:56:18,294.383
2021-10-06 05:56:58,294.373
2021-10-06 05:57:38,294.367
2021-10-06 05:58:19,294.364
2021-10-06 05:58:59,294.364
2021-10-06 05:59:39,294.361
2021-10-06 06:00:19,294.357
2021-10-06 06:00:59,294.358
2021-10-06 06:01:40,294.356
2021-10-06 06:02:20,294.356
2021-10-06 06:03:00,294.354
2021-10-06 06:03:40,294.358
2021-10-06 06:04:21,294.356
2021-10-06 06:05:01,294.357
2021-10-06 06:05:41,294.357
2021-10-06 06:06:21,294.358
2021-10-06 06:07:01,294.361
2021-10-06 06:07:42,294.361
2021-10-06 06:08:22,294.365
2021-10-06 06:09:02,294.365
2021-10-06 06:09:42,294.365
2021-10-06 06:10:22,294.365
2021-10-06 06:11:03,294.367
2021-10-06 06:11:43,294.366
2021-10-06 06:12:23,294.366
2021-10-06 06:13:03,294.37
2021-10-06 06:13:43,294.374
2021-10-06 06:14:24,294.374
2021-10-06 06:15:04,294.374
2021-10-06 06:15:44,294.374
2021-10-06 06:16:24,294.378
2021-10-06 06:17:04,294.379
2021-10-06 06:17:45,294.383
2021-10-06 06:18:25,294.382
2021-10-06 06:19:05,294.382
2021-10-06 06:19:45,294.386
2021-10-06 06:20:25,294.389
2021-10-06 06:21:06,294.386
2021-10-06 06:21:46,294.39
2021-10-06 06:22:26,294.39
2021-10-06 06:23:06,294.394
2021-10-06 06:23:46,294.391
2021-10-06 06:24:27,294.395
2021-10-06 06:25:07,294.398
2021-10-06 06:25:47,294.398
2021-10-06 06:26:27,294.399
2021-10-06 06:27:07,294.402
2021-10-06 06:27:48,294.403
2021-10-06 06:28:28,294.402
2021-10-06 06:29:08,294.402
2021-10-06 06:29:48,294.405
2021-10-06 06:30:28,294.407
2021-10-06 06:31:09,294.405
2021-10-06 06:31:49,294.409
2021-10-06 06:32:29,294.409
2021-10-06 06:33:09,294.409
2021-10-06 06:33:50,294.407
2021-10-06 06:34:30,294.399
2021-10-06 06:35:10,294.392
2021-10-06 06:35:50,294.385
2021-10-06 06:36:31,294.385
2021-10-06 06:37:11,294.381
2021-10-06 06:37:51,294.375
2021-10-06 06:38:31,294.37
2021-10-06 06:39:11,294.37
2021-10-06 06:39:52,294.37
2021-10-06 06:40:32,294.369
2021-10-06 06:41:12,294.366
2021-10-06 06:41:52,294.368
2021-10-06 06:42:32,294.368
2021-10-06 06:43:13,294.368
2021-10-06 06:43:53,294.367
2021-10-06 06:44:33,294.367
2021-10-06 06:45:13,294.368
2021-10-06 06:45:53,294.37
2021-10-06 06:46:34,294.37
2021-10-06 06:47:14,294.37
2021-10-06 06:47:54,294.373
2021-10-06 06:48:34,294.375
2021-10-06 06:49:14,294.375
2021-10-06 06:49:55,294.375
2021-10-06 06:50:35,294.376
2021-10-06 06:51:15,294.38
2021-10-06 06:51:55,294.381
2021-10-06 06:52:35,294.381
2021-10-06 06:53:16,294.381
2021-10-06 06:53:56,294.383
2021-10-06 06:54:36,294.384
2021-10-06 06:55:16,294.385
2021-10-06 06:55:56,294.388
2021-10-06 06:56:37,294.388
2021-10-06 06:57:17,294.388
2021-10-06 06:57:57,294.393
2021-10-06 06:58:37,294.391
2021-10-06 06:59:17,294.393
2021-10-06 06:59:58,294.393
2021-10-06 07:00:38,294.395
2021-10-06 07:01:18,294.396
2021-10-06 07:01:58,294.397
2021-10-06 07:02:38,294.399
2021-10-06 07:03:19,294.399
2021-10-06 07:03:59,294.401
2021-10-06 07:04:39,294.402
2021-10-06 07:05:19,294.406
2021-10-06 07:06:00,294.406
2021-10-06 07:06:40,294.408
2021-10-06 07:07:20,294.408
2021-10-06 07:08:00,294.412
2021-10-06 07:08:40,294.413
2021-10-06 07:09:21,294.415
2021-10-06 07:10:01,294.417
2021-10-06 07:10:41,294.417
2021-10-06 07:11:21,294.417
2021-10-06 07:12:02,294.418
2021-10-06 07:12:42,294.418
2021-10-06 07:13:22,294.42
2021-10-06 07:14:02,294.42
2021-10-06 07:14:42,294.422
2021-10-06 07:15:22,294.425
2021-10-06 07:16:03,294.424
2021-10-06 07:16:43,294.427
2021-10-06 07:17:23,294.427
2021-10-06 07:18:03,294.427
2021-10-06 07:18:43,294.432
2021-10-06 07:19:24,294.427
2021-10-06 07:20:04,294.421
2021-10-06 07:20:44,294.421
2021-10-06 07:21:24,294.413
2021-10-06 07:22:05,294.407
2021-10-06 07:22:45,294.396
2021-10-06 07:23:25,294.389
2021-10-06 07:24:05,294.389
2021-10-06 07:24:45,294.383
2021-10-06 07:25:25,294.382
2021-10-06 07:26:06,294.379
2021-10-06 07:26:46,294.374
2021-10-06 07:27:26,294.374
2021-10-06 07:28:06,294.376
2021-10-06 07:28:46,294.375
2021-10-06 07:29:27,294.375
2021-10-06 07:30:07,294.374
2021-10-06 07:30:47,294.374
2021-10-06 07:31:27,294.375
2021-10-06 07:32:07,294.373
2021-10-06 07:32:48,294.375
2021-10-06 07:33:28,294.377
2021-10-06 07:34:08,294.377
2021-10-06 07:34:48,294.376
2021-10-06 07:35:28,294.378
2021-10-06 07:36:09,294.381
2021-10-06 07:36:49,294.38
2021-10-06 07:37:29,294.38
2021-10-06 07:38:09,294.382
2021-10-06 07:38:49,294.384
2021-10-06 07:39:30,294.386
2021-10-06 07:40:10,294.389
2021-10-06 07:40:50,294.391
2021-10-06 07:41:30,294.391
2021-10-06 07:42:11,294.392
2021-10-06 07:42:51,294.395
2021-10-06 07:43:31,294.395
2021-10-06 07:44:11,294.397
2021-10-06 07:44:51,294.397
2021-10-06 07:45:32,294.399
2021-10-06 07:46:12,294.402
2021-10-06 07:46:52,294.404
2021-10-06 07:47:32,294.404
2021-10-06 07:48:12,294.404
2021-10-06 07:48:53,294.404
2021-10-06 07:49:33,294.406
2021-10-06 07:50:13,294.406
2021-10-06 07:50:53,294.413
2021-10-06 07:51:33,294.413
2021-10-06 07:52:14,294.414
2021-10-06 07:52:54,294.415
2021-10-06 07:53:34,294.416
2021-10-06 07:54:14,294.419
2021-10-06 07:54:55,294.419
2021-10-06 07:55:35,294.416
2021-10-06 07:56:15,294.416
2021-10-06 07:56:55,294.407
2021-10-06 07:57:35,294.398
2021-10-06 07:58:15,294.398
2021-10-06 07:58:56,294.391
2021-10-06 07:59:36,294.381
2021-10-06 08:00:16,294.379
2021-10-06 08:00:56,294.373
2021-10-06 08:01:36,294.373
2021-10-06 08:02:17,294.37
2021-10-06 08:02:57,294.37
2021-10-06 08:03:37,294.368
2021-10-06 08:04:17,294.367
2021-10-06 08:04:58,294.367
2021-10-06 08:05:38,294.368
2021-10-06 08:06:18,294.368
2021-10-06 08:06:58,294.368
2021-10-06 08:07:38,294.369
2021-10-06 08:08:18,294.369
2021-10-06 08:08:59,294.369
2021-10-06 08:09:39,294.373
2021-10-06 08:10:19,294.371
2021-10-06 08:10:59,294.374
2021-10-06 08:11:40,294.374
2021-10-06 08:12:20,294.373
2021-10-06 08:13:00,294.376
2021-10-06 08:13:40,294.378
2021-10-06 08:14:21,294.381
2021-10-06 08:15:01,294.379
2021-10-06 08:15:41,294.379
2021-10-06 08:16:21,294.386
2021-10-06 08:17:01,294.386
2021-10-06 08:17:42,294.387
2021-10-06 08:18:22,294.386
2021-10-06 08:19:02,294.386
2021-10-06 08:19:42,294.386
2021-10-06 08:20:22,294.389
2021-10-06 08:21:03,294.392
2021-10-06 08:21:43,294.394
2021-10-06 08:22:23,294.394
2021-10-06 08:23:03,294.396
2021-10-06 08:23:43,294.398
2021-10-06 08:24:24,294.399
2021-10-06 08:25:04,294.403
2021-10-06 08:25:44,294.403
2021-10-06 08:26:24,294.401
2021-10-06 08:27:04,294.405
2021-10-06 08:27:45,294.407
2021-10-06 08:28:25,294.407
2021-10-06 08:29:05,294.407
2021-10-06 08:29:45,294.412
2021-10-06 08:30:25,294.414
2021-10-06 08:31:06,294.414
2021-10-06 08:31:46,294.418
2021-10-06 08:32:26,294.418
2021-10-06 08:33:06,294.418
2021-10-06 08:33:47,294.421
2021-10-06 08:34:27,294.422
2021-10-06 08:35:07,294.423
2021-10-06 08:35:47,294.423
2021-10-06 08:36:27,294.426
2021-10-06 08:37:08,294.426
2021-10-06 08:37:48,294.427
2021-10-06 08:38:28,294.424
2021-10-06 08:39:08,294.424
2021-10-06 08:39:48,294.418
2021-10-06 08:40:29,294.412
2021-10-06 08:41:09,294.404
2021-10-06 08:41:49,294.399
2021-10-06 08:42:29,294.399
2021-10-06 08:43:10,294.39
2021-10-06 08:43:50,294.387
2021-10-06 08:44:30,294.387
2021-10-06 08:45:10,294.383
2021-10-06 08:45:50,294.383
2021-10-06 08:46:30,294.385
2021-10-06 08:47:11,294.382
2021-10-06 08:47:51,294.382
2021-10-06 08:48:31,294.383
2021-10-06 08:49:12,294.385
2021-10-06 08:49:52,294.385
2021-10-06 08:50:32,294.383
2021-10-06 08:51:12,294.383
2021-10-06 08:51:52,294.387
2021-10-06 08:52:33,294.388
2021-10-06 08:53:13,294.388
2021-10-06 08:53:53,294.388
2021-10-06 08:54:33,294.392
2021-10-06 08:55:13,294.392
2021-10-06 08:55:54,294.396
2021-10-06 08:56:34,294.396
2021-10-06 08:57:14,294.397
2021-10-06 08:57:54,294.399
2021-10-06 08:58:34,294.403
2021-10-06 08:59:15,294.402
2021-10-06 08:59:55,294.402
2021-10-06 09:00:35,294.405
2021-10-06 09:01:15,294.408
2021-10-06 09:01:55,294.41
2021-10-06 09:02:36,294.405
2021-10-06 09:03:16,294.405
2021-10-06 09:03:56,294.399
2021-10-06 09:04:36,294.392
2021-10-06 09:05:16,294.383
2021-10-06 09:05:57,294.376
2021-10-06 09:06:37,294.376
2021-10-06 09:07:17,294.37
2021-10-06 09:07:57,294.368
2021-10-06 09:08:38,294.365
2021-10-06 09:09:18,294.362
2021-10-06 09:09:58,294.362
2021-10-06 09:10:38,294.362
2021-10-06 09:11:18,294.358
2021-10-06 09:11:59,294.353
2021-10-06 09:12:39,294.35
2021-10-06 09:13:19,294.35
2021-10-06 09:13:59,294.342
2021-10-06 09:14:39,294.338
2021-10-06 09:15:20,294.335
2021-10-06 09:16:00,294.336
2021-10-06 09:16:40,294.336
2021-10-06 09:17:20,294.335
2021-10-06 09:18:00,294.338
2021-10-06 09:18:41,294.339
2021-10-06 09:19:21,294.341
2021-10-06 09:20:01,294.339
2021-10-06 09:20:41,294.339
2021-10-06 09:21:22,294.342
2021-10-06 09:22:02,294.344
2021-10-06 09:22:42,294.346
2021-10-06 09:23:22,294.347
2021-10-06 09:24:03,294.347
2021-10-06 09:24:43,294.349
2021-10-06 09:25:23,294.351
2021-10-06 09:26:03,294.354
2021-10-06 09:26:43,294.356
2021-10-06 09:27:24,294.356
2021-10-06 09:28:04,294.356
2021-10-06 09:28:44,294.36
2021-10-06 09:29:24,294.355
2021-10-06 09:30:04,294.347
2021-10-06 09:30:45,294.347
2021-10-06 09:31:25,294.334
2021-10-06 09:32:05,294.329
2021-10-06 09:32:45,294.323
2021-10-06 09:33:25,294.319
2021-10-06 09:34:06,294.319
2021-10-06 09:34:46,294.313
2021-10-06 09:35:26,294.312
2021-10-06 09:36:06,294.312
2021-10-06 09:36:46,294.311
2021-10-06 09:37:27,294.311
2021-10-06 09:38:07,294.313
2021-10-06 09:38:47,294.314
2021-10-06 09:39:27,294.314
2021-10-06 09:40:07,294.316
2021-10-06 09:40:47,294.316
2021-10-06 09:41:28,294.316
2021-10-06 09:42:08,294.319
2021-10-06 09:42:48,294.319
2021-10-06 09:43:28,294.323
2021-10-06 09:44:08,294.323
2021-10-06 09:44:49,294.322
2021-10-06 09:45:29,294.327
2021-10-06 09:46:09,294.331
2021-10-06 09:46:49,294.332
2021-10-06 09:47:29,294.332
2021-10-06 09:48:10,294.334
2021-10-06 09:48:50,294.339
2021-10-06 09:49:30,294.342
2021-10-06 09:50:10,294.343
2021-10-06 09:50:50,294.343
2021-10-06 09:51:31,294.345
2021-10-06 09:52:11,294.348
2021-10-06 09:52:51,294.34
2021-10-06 09:53:31,294.333
2021-10-06 09:54:12,294.333
2021-10-06 09:54:52,294.324
2021-10-06 09:55:32,294.318
2021-10-06 09:56:12,294.312
2021-10-06 09:56:52,294.308
2021-10-06 09:57:33,294.304
2021-10-06 09:58:13,294.304
2021-10-06 09:58:53,294.303
2021-10-06 09:59:33,294.306
2021-10-06 10:00:13,294.308
2021-10-06 10:00:54,294.305
2021-10-06 10:01:34,294.305
2021-10-06 10:02:14,294.307
2021-10-06 10:02:54,294.307
2021-10-06 10:03:35,294.309
2021-10-06 10:04:15,294.309
2021-10-06 10:04:55,294.309
2021-10-06 10:05:35,294.309
2021-10-06 10:06:15,294.314
2021-10-06 10:06:55,294.316
2021-10-06 10:07:36,294.318
2021-10-06 10:08:16,294.318
2021-10-06 10:08:56,294.321
2021-10-06 10:09:36,294.326
2021-10-06 10:10:16,294.327
2021-10-06 10:10:57,294.329
2021-10-06 10:11:37,294.329
2021-10-06 10:12:17,294.331
2021-10-06 10:12:57,294.331
2021-10-06 10:13:37,294.326
2021-10-06 10:14:18,294.316
2021-10-06 10:14:58,294.316
2021-10-06 10:15:38,294.307
2021-10-06 10:16:18,294.301
2021-10-06 10:16:58,294.295
2021-10-06 10:17:39,294.293
2021-10-06 10:18:19,294.293
2021-10-06 10:18:59,294.286
2021-10-06 10:19:39,294.284
2021-10-06 10:20:19,294.285
2021-10-06 10:21:00,294.284
2021-10-06 10:21:40,294.284
2021-10-06 10:22:20,294.283
2021-10-06 10:23:00,294.286
2021-10-06 10:23:40,294.287
2021-10-06 10:24:21,294.287
2021-10-06 10:25:01,294.287
2021-10-06 10:25:41,294.289
2021-10-06 10:26:21,294.288
2021-10-06 10:27:01,294.296
2021-10-06 10:27:42,294.295
2021-10-06 10:28:22,294.295
2021-10-06 10:29:02,294.297
2021-10-06 10:29:42,294.299
2021-10-06 10:30:23,294.299
2021-10-06 10:31:03,294.303
2021-10-06 10:31:43,294.308
2021-10-06 10:32:23,294.308
2021-10-06 10:33:03,294.309
2021-10-06 10:33:44,294.313
2021-10-06 10:34:24,294.316
2021-10-06 10:35:04,294.319
2021-10-06 10:35:44,294.319
2021-10-06 10:36:24,294.323
2021-10-06 10:37:05,294.325
2021-10-06 10:37:45,294.328
2021-10-06 10:38:25,294.326
2021-10-06 10:39:05,294.326
2021-10-06 10:39:46,294.318
2021-10-06 10:40:26,294.31
2021-10-06 10:41:06,294.301
2021-10-06 10:41:46,294.293
2021-10-06 10:42:26,294.293
2021-10-06 10:43:07,294.289
2021-10-06 10:43:47,294.282
2021-10-06 10:44:27,294.282
2021-10-06 10:45:07,294.28
2021-10-06 10:45:47,294.28
2021-10-06 10:46:28,294.279
2021-10-06 10:47:08,294.279
2021-10-06 10:47:48,294.279
2021-10-06 10:48:28,294.282
2021-10-06 10:49:09,294.282
2021-10-06 10:49:49,294.281
2021-10-06 10:50:29,294.282
2021-10-06 10:51:09,294.283
2021-10-06 10:51:49,294.286
2021-10-06 10:52:30,294.286
2021-10-06 10:53:10,294.284
2021-10-06 10:53:50,294.292
2021-10-06 10:54:30,294.294
2021-10-06 10:55:10,294.296
2021-10-06 10:55:51,294.296
2021-10-06 10:56:31,294.301
2021-10-06 10:57:11,294.301
2021-10-06 10:57:51,294.308
2021-10-06 10:58:31,294.308
2021-10-06 10:59:12,294.308
2021-10-06 10:59:52,294.309
2021-10-06 11:00:32,294.312
2021-10-06 11:01:12,294.318
2021-10-06 11:01:52,294.319
2021-10-06 11:02:33,294.323
2021-10-06 11:03:13,294.323
2021-10-06 11:03:53,294.325
2021-10-06 11:04:33,294.326
2021-10-06 11:05:13,294.325
2021-10-06 11:05:54,294.315
2021-10-06 11:06:34,294.315
2021-10-06 11:07:14,294.31
2021-10-06 11:07:54,294.302
2021-10-06 11:08:35,294.298
2021-10-06 11:09:15,294.295
2021-10-06 11:09:55,294.295
2021-10-06 11:10:35,294.293
2021-10-06 11:11:15,294.29
2021-10-06 11:11:56,294.291
2021-10-06 11:12:36,294.291
2021-10-06 11:13:16,294.291
2021-10-06 11:13:56,294.29
2021-10-06 11:14:36,294.292
2021-10-06 11:15:17,294.293
2021-10-06 11:15:57,294.291
2021-10-06 11:16:37,294.291
2021-10-06 11:17:17,294.297
2021-10-06 11:17:57,294.298
2021-10-06 11:18:38,294.3
2021-10-06 11:19:18,294.301
2021-10-06 11:19:58,294.301
2021-10-06 11:20:38,294.304
2021-10-06 11:21:18,294.306
2021-10-06 11:21:59,294.31
2021-10-06 11:22:39,294.313
2021-10-06 11:23:19,294.313
2021-10-06 11:23:59,294.316
2021-10-06 11:24:40,294.319
2021-10-06 11:25:20,294.323
2021-10-06 11:26:00,294.325
2021-10-06 11:26:40,294.325
2021-10-06 11:27:20,294.328
2021-10-06 11:28:01,294.332
2021-10-06 11:28:41,294.332
2021-10-06 11:29:21,294.339
2021-10-06 11:30:01,294.339
2021-10-06 11:30:41,294.341
2021-10-06 11:31:22,294.338
2021-10-06 11:32:02,294.33
2021-10-06 11:32:42,294.321
2021-10-06 11:33:22,294.321
2021-10-06 11:34:03,294.313
2021-10-06 11:34:43,294.308
2021-10-06 11:35:23,294.303
2021-10-06 11:36:03,294.302
2021-10-06 11:36:44,294.3
2021-10-06 11:37:24,294.3
2021-10-06 11:38:04,294.297
2021-10-06 11:38:44,294.299
2021-10-06 11:39:24,294.3
2021-10-06 11:40:05,294.299
2021-10-06 11:40:45,294.299
2021-10-06 11:41:25,294.302
2021-10-06 11:42:05,294.301
2021-10-06 11:42:45,294.305
2021-10-06 11:43:26,294.307
2021-10-06 11:44:06,294.307
2021-10-06 11:44:46,294.307
2021-10-06 11:45:26,294.311
2021-10-06 11:46:06,294.313
2021-10-06 11:46:47,294.313
2021-10-06 11:47:27,294.313
2021-10-06 11:48:07,294.318
2021-10-06 11:48:47,294.319
2021-10-06 11:49:28,294.325
2021-10-06 11:50:08,294.329
2021-10-06 11:50:48,294.329
2021-10-06 11:51:28,294.331
2021-10-06 11:52:08,294.332
2021-10-06 11:52:49,294.333
2021-10-06 11:53:29,294.327
2021-10-06 11:54:09,294.327
2021-10-06 11:54:49,294.322
2021-10-06 11:55:29,294.31
2021-10-06 11:56:10,294.306
2021-10-06 11:56:50,294.3
2021-10-06 11:57:30,294.3
2021-10-06 11:58:10,294.297
2021-10-06 11:58:50,294.296
2021-10-06 11:59:31,294.294
2021-10-06 12:00:11,294.292
2021-10-06 12:00:51,294.292
2021-10-06 12:01:31,294.292
2021-10-06 12:02:11,294.292
2021-10-06 12:02:52,294.292
2021-10-06 12:03:32,294.294
2021-10-06 12:04:12,294.294
2021-10-06 12:04:52,294.296
2021-10-06 12:05:32,294.297
2021-10-06 12:06:13,294.301
2021-10-06 12:06:53,294.302
2021-10-06 12:07:33,294.302
2021-10-06 12:08:13,294.303
2021-10-06 12:08:53,294.305
2021-10-06 12:09:34,294.31
2021-10-06 12:10:14,294.309
2021-10-06 12:10:54,294.313
2021-10-06 12:11:34,294.313
2021-10-06 12:12:14,294.316
2021-10-06 12:12:55,294.317
2021-10-06 12:13:35,294.321
2021-10-06 12:14:15,294.324
2021-10-06 12:14:55,294.324
2021-10-06 12:15:35,294.327
2021-10-06 12:16:16,294.328
2021-10-06 12:16:56,294.321
2021-10-06 12:17:36,294.31
2021-10-06 12:18:16,294.31
2021-10-06 12:18:56,294.305
2021-10-06 12:19:37,294.299
2021-10-06 12:20:17,294.291
2021-10-06 12:20:57,294.29
2021-10-06 12:21:37,294.29
2021-10-06 12:22:17,294.287
2021-10-06 12:22:58,294.286
2021-10-06 12:23:38,294.285
2021-10-06 12:24:18,294.288
2021-10-06 12:24:58,294.288
2021-10-06 12:25:38,294.288
2021-10-06 12:26:19,294.287
2021-10-06 12:26:59,294.289
2021-10-06 12:27:39,294.29
2021-10-06 12:28:20,294.29
2021-10-06 12:29:00,294.293
2021-10-06 12:29:40,294.296
2021-10-06 12:30:20,294.296
2021-10-06 12:31:00,294.301
2021-10-06 12:31:41,294.301
2021-10-06 12:32:21,294.301
2021-10-06 12:33:01,294.304
2021-10-06 12:33:41,294.306
2021-10-06 12:34:21,294.31
2021-10-06 12:35:02,294.31
2021-10-06 12:35:42,294.312
2021-10-06 12:36:22,294.315
2021-10-06 12:37:02,294.32
2021-10-06 12:37:42,294.318
2021-10-06 12:38:23,294.318
2021-10-06 12:39:03,294.319
2021-10-06 12:39:43,294.325
2021-10-06 12:40:23,294.326
2021-10-06 12:41:03,294.329
2021-10-06 12:41:44,294.329
2021-10-06 12:42:24,294.332
2021-10-06 12:43:04,294.334
2021-10-06 12:43:44,294.339
2021-10-06 12:44:25,294.34
2021-10-06 12:45:05,294.342
2021-10-06 12:45:45,294.342
2021-10-06 12:46:25,294.345
2021-10-06 12:47:05,294.35
2021-10-06 12:47:46,294.352
2021-10-06 12:48:26,294.353
2021-10-06 12:49:06,294.353
2021-10-06 12:49:46,294.352
2021-10-06 12:50:26,294.345
2021-10-06 12:51:07,294.337
2021-10-06 12:51:47,294.327
2021-10-06 12:52:27,294.327
2021-10-06 12:53:07,294.325
2021-10-06 12:53:48,294.323
2021-10-06 12:54:28,294.314
2021-10-06 12:55:08,294.313
2021-10-06 12:55:48,294.313
2021-10-06 12:56:28,294.314
2021-10-06 12:57:09,294.314
2021-10-06 12:57:49,294.313
2021-10-06 12:58:29,294.314
2021-10-06 12:59:09,294.314
2021-10-06 12:59:50,294.318
2021-10-06 13:00:30,294.315
2021-10-06 13:01:10,294.317
2021-10-06 13:01:50,294.318
2021-10-06 13:02:30,294.318
2021-10-06 13:03:11,294.319
2021-10-06 13:03:51,294.324
2021-10-06 13:04:31,294.324
2021-10-06 13:05:11,294.326
2021-10-06 13:05:51,294.326
2021-10-06 13:06:32,294.332
2021-10-06 13:07:12,294.332
2021-10-06 13:07:52,294.334
2021-10-06 13:08:32,294.336
2021-10-06 13:09:13,294.336
2021-10-06 13:09:53,294.336
2021-10-06 13:10:33,294.341
2021-10-06 13:11:13,294.343
2021-10-06 13:11:53,294.347
2021-10-06 13:12:33,294.347
2021-10-06 13:13:14,294.35
2021-10-06 13:13:54,294.35
2021-10-06 13:14:34,294.355
2021-10-06 13:15:14,294.357
2021-10-06 13:15:55,294.358
2021-10-06 13:16:35,294.358
2021-10-06 13:17:15,294.361
2021-10-06 13:17:55,294.365
2021-10-06 13:18:36,294.367
2021-10-06 13:19:16,294.37
2021-10-06 13:19:56,294.37
2021-10-06 13:20:36,294.374
2021-10-06 13:21:16,294.377
2021-10-06 13:21:57,294.377
2021-10-06 13:22:37,294.378
2021-10-06 13:23:17,294.378
2021-10-06 13:23:57,294.382
2021-10-06 13:24:37,294.388
2021-10-06 13:25:18,294.389
2021-10-06 13:25:58,294.39
2021-10-06 13:26:38,294.39
2021-10-06 13:27:18,294.395
2021-10-06 13:27:58,294.397
2021-10-06 13:28:39,294.399
2021-10-06 13:29:19,294.402
2021-10-06 13:29:59,294.402
2021-10-06 13:30:39,294.394
2021-10-06 13:31:19,294.389
2021-10-06 13:32:00,294.38
2021-10-06 13:32:40,294.369
2021-10-06 13:33:20,294.369
2021-10-06 13:34:00,294.359
2021-10-06 13:34:40,294.352
2021-10-06 13:35:20,294.35
2021-10-06 13:36:01,294.347
2021-10-06 13:36:41,294.347
2021-10-06 13:37:21,294.345
2021-10-06 13:38:01,294.34
2021-10-06 13:38:42,294.342
2021-10-06 13:39:22,294.342
2021-10-06 13:40:02,294.342
2021-10-06 13:40:42,294.343
2021-10-06 13:41:22,294.342
2021-10-06 13:42:03,294.341
2021-10-06 13:42:43,294.344
2021-10-06 13:43:23,294.344
2021-10-06 13:44:03,294.343
2021-10-06 13:44:44,294.349
2021-10-06 13:45:24,294.349
2021-10-06 13:46:04,294.349
2021-10-06 13:46:44,294.349
2021-10-06 13:47:24,294.349
2021-10-06 13:48:05,294.351
2021-10-06 13:48:45,294.355
2021-10-06 13:49:25,294.356
2021-10-06 13:50:05,294.36
2021-10-06 13:50:45,294.36
2021-10-06 13:51:26,294.36
2021-10-06 13:52:06,294.362
2021-10-06 13:52:46,294.365
2021-10-06 13:53:26,294.367
2021-10-06 13:54:07,294.367
2021-10-06 13:54:47,294.368
2021-10-06 13:55:27,294.373
2021-10-06 13:56:07,294.372
2021-10-06 13:56:47,294.372
2021-10-06 13:57:28,294.372
2021-10-06 13:58:08,294.377
2021-10-06 13:58:48,294.378
2021-10-06 13:59:28,294.376
2021-10-06 14:00:08,294.385
2021-10-06 14:00:49,294.385
2021-10-06 14:01:29,294.383
2021-10-06 14:02:09,294.387
2021-10-06 14:02:49,294.388
2021-10-06 14:03:29,294.389
2021-10-06 14:04:10,294.389
2021-10-06 14:04:50,294.389
2021-10-06 14:05:30,294.393
2021-10-06 14:06:10,294.395
2021-10-06 14:06:50,294.399
2021-10-06 14:07:31,294.399
2021-10-06 14:08:11,294.399
2021-10-06 14:08:51,294.4
2021-10-06 14:09:31,294.403
2021-10-06 14:10:11,294.406
2021-10-06 14:10:52,294.406
2021-10-06 14:11:32,294.407
2021-10-06 14:12:12,294.409
2021-10-06 14:12:52,294.412
2021-10-06 14:13:33,294.414
2021-10-06 14:14:13,294.414
2021-10-06 14:14:53,294.416
2021-10-06 14:15:33,294.418
2021-10-06 14:16:13,294.419
2021-10-06 14:16:54,294.42
2021-10-06 14:17:34,294.42
2021-10-06 14:18:14,294.426
2021-10-06 14:18:54,294.423
2021-10-06 14:19:34,294.427
2021-10-06 14:20:15,294.428
2021-10-06 14:20:55,294.428
2021-10-06 14:21:35,294.418
2021-10-06 14:22:15,294.409
2021-10-06 14:22:55,294.401
2021-10-06 14:23:36,294.396
2021-10-06 14:24:16,294.387
2021-10-06 14:24:56,294.387
2021-10-06 14:25:36,294.384
2021-10-06 14:26:17,294.38
2021-10-06 14:26:57,294.377
2021-10-06 14:27:37,294.378
2021-10-06 14:28:17,294.378
2021-10-06 14:28:57,294.375
2021-10-06 14:29:38,294.375
2021-10-06 14:30:18,294.377
2021-10-06 14:30:58,294.375
2021-10-06 14:31:38,294.375
2021-10-06 14:32:18,294.378
2021-10-06 14:32:59,294.377
2021-10-06 14:33:39,294.379
2021-10-06 14:34:19,294.38
2021-10-06 14:34:59,294.38
2021-10-06 14:35:39,294.382
2021-10-06 14:36:20,294.385
2021-10-06 14:37:00,294.384
2021-10-06 14:37:40,294.386
2021-10-06 14:38:20,294.386
2021-10-06 14:39:01,294.388
2021-10-06 14:39:41,294.388
2021-10-06 14:40:21,294.392
2021-10-06 14:41:01,294.392
2021-10-06 14:41:41,294.392
2021-10-06 14:42:22,294.392
2021-10-06 14:43:02,294.396
2021-10-06 14:43:42,294.4
2021-10-06 14:44:22,294.399
2021-10-06 14:45:02,294.399
2021-10-06 14:45:43,294.402
2021-10-06 14:46:23,294.404
2021-10-06 14:47:03,294.404
2021-10-06 14:47:43,294.41
2021-10-06 14:48:24,294.41
2021-10-06 14:49:04,294.412
2021-10-06 14:49:44,294.41
2021-10-06 14:50:24,294.414
2021-10-06 14:51:04,294.414
2021-10-06 14:51:44,294.414
2021-10-06 14:52:25,294.415
2021-10-06 14:53:05,294.419
2021-10-06 14:53:45,294.424
2021-10-06 14:54:25,294.425
2021-10-06 14:55:06,294.425
2021-10-06 14:55:46,294.429
2021-10-06 14:56:26,294.427
2021-10-06 14:57:06,294.431
2021-10-06 14:57:47,294.434
2021-10-06 14:58:27,294.435
2021-10-06 14:59:07,294.435
2021-10-06 14:59:47,294.437
2021-10-06 15:00:27,294.439
2021-10-06 15:01:08,294.43
2021-10-06 15:01:48,294.419
2021-10-06 15:02:28,294.419
2021-10-06 15:03:08,294.412
2021-10-06 15:03:48,294.408
2021-10-06 15:04:29,294.403
2021-10-06 15:05:09,294.399
2021-10-06 15:05:49,294.399
2021-10-06 15:06:29,294.396
2021-10-06 15:07:10,294.393
2021-10-06 15:07:50,294.39
2021-10-06 15:08:30,294.391
2021-10-06 15:09:10,294.391
2021-10-06 15:09:50,294.392
2021-10-06 15:10:30,294.389
2021-10-06 15:11:11,294.389
2021-10-06 15:11:51,294.392
2021-10-06 15:12:31,294.392
2021-10-06 15:13:11,294.392
2021-10-06 15:13:52,294.395
2021-10-06 15:14:32,294.394
2021-10-06 15:15:12,294.394
2021-10-06 15:15:52,294.394
2021-10-06 15:16:32,294.397
2021-10-06 15:17:13,294.4
2021-10-06 15:17:53,294.402
2021-10-06 15:18:33,294.402
2021-10-06 15:19:13,294.402
2021-10-06 15:19:53,294.403
2021-10-06 15:20:34,294.404
2021-10-06 15:21:14,294.406
2021-10-06 15:21:54,294.41
2021-10-06 15:22:34,294.41
2021-10-06 15:23:14,294.407
2021-10-06 15:23:55,294.409
2021-10-06 15:24:35,294.407
2021-10-06 15:25:15,294.408
2021-10-06 15:25:55,294.408
2021-10-06 15:26:35,294.402
2021-10-06 15:27:16,294.399
2021-10-06 15:27:56,294.396
2021-10-06 15:28:36,294.392
2021-10-06 15:29:16,294.392
2021-10-06 15:29:57,294.392
2021-10-06 15:30:37,294.394
2021-10-06 15:31:17,294.397
2021-10-06 15:31:57,294.394
2021-10-06 15:32:37,294.396
2021-10-06 15:33:17,294.396
2021-10-06 15:33:58,294.4
2021-10-06 15:34:38,294.402
2021-10-06 15:35:18,294.403
2021-10-06 15:35:58,294.405
2021-10-06 15:36:38,294.405
2021-10-06 15:37:19,294.409
2021-10-06 15:37:59,294.409
2021-10-06 15:38:39,294.411
2021-10-06 15:39:19,294.411
2021-10-06 15:39:59,294.411
2021-10-06 15:40:40,294.416
2021-10-06 15:41:20,294.417
2021-10-06 15:42:00,294.42
2021-10-06 15:42:40,294.422
2021-10-06 15:43:20,294.422
2021-10-06 15:44:01,294.424
2021-10-06 15:44:41,294.425
2021-10-06 15:45:21,294.429
2021-10-06 15:46:01,294.433
2021-10-06 15:46:41,294.433
2021-10-06 15:47:22,294.432
2021-10-06 15:48:02,294.433
2021-10-06 15:48:42,294.437
2021-10-06 15:49:22,294.437
2021-10-06 15:50:03,294.437
2021-10-06 15:50:43,294.44
2021-10-06 15:51:23,294.436
2021-10-06 15:52:03,294.426
2021-10-06 15:52:43,294.417
2021-10-06 15:53:24,294.417
2021-10-06 15:54:04,294.409
2021-10-06 15:54:44,294.402
2021-10-06 15:55:24,294.398
2021-10-06 15:56:04,294.392
2021-10-06 15:56:44,294.392
2021-10-06 15:57:25,294.389
2021-10-06 15:58:05,294.386
2021-10-06 15:58:45,294.387
2021-10-06 15:59:25,294.385
2021-10-06 16:00:06,294.385
2021-10-06 16:00:46,294.388
2021-10-06 16:01:26,294.387
2021-10-06 16:02:06,294.387
2021-10-06 16:02:46,294.387
2021-10-06 16:03:27,294.387
2021-10-06 16:04:07,294.387
2021-10-06 16:04:47,294.391
2021-10-06 16:05:27,294.389
2021-10-06 16:06:08,294.393
2021-10-06 16:06:48,294.391
2021-10-06 16:07:28,294.391
2021-10-06 16:08:08,294.395
2021-10-06 16:08:48,294.394
2021-10-06 16:09:28,294.396
2021-10-06 16:10:09,294.398
2021-10-06 16:10:49,294.398
2021-10-06 16:11:29,294.399
2021-10-06 16:12:09,294.405
2021-10-06 16:12:50,294.402
2021-10-06 16:13:30,294.404
2021-10-06 16:14:10,294.404
2021-10-06 16:14:50,294.406
2021-10-06 16:15:30,294.406
2021-10-06 16:16:10,294.41
2021-10-06 16:16:51,294.411
2021-10-06 16:17:31,294.411
2021-10-06 16:18:11,294.412
2021-10-06 16:18:51,294.413
2021-10-06 16:19:31,294.414
2021-10-06 16:20:11,294.416
2021-10-06 16:20:51,294.416
2021-10-06 16:21:32,294.42
2021-10-06 16:22:12,294.423
2021-10-06 16:22:52,294.423
2021-10-06 16:23:32,294.424
2021-10-06 16:24:13,294.424
2021-10-06 16:24:53,294.426
2021-10-06 16:25:33,294.428
2021-10-06 16:26:13,294.431
2021-10-06 16:26:53,294.432
2021-10-06 16:27:34,294.432
2021-10-06 16:28:14,294.434
2021-10-06 16:28:54,294.433
2021-10-06 16:29:34,294.437
2021-10-06 16:30:14,294.438
2021-10-06 16:30:55,294.438
2021-10-06 16:31:35,294.44
2021-10-06 16:32:15,294.442
2021-10-06 16:32:55,294.444
2021-10-06 16:33:35,294.446
2021-10-06 16:34:16,294.446
2021-10-06 16:34:56,294.444
2021-10-06 16:35:36,294.443
2021-10-06 16:36:16,294.433
2021-10-06 16:36:56,294.426
2021-10-06 16:37:37,294.426
2021-10-06 16:38:17,294.416
2021-10-06 16:38:57,294.411
2021-10-06 16:39:37,294.405
2021-10-06 16:40:18,294.404
2021-10-06 16:40:58,294.399
2021-10-06 16:41:38,294.399
2021-10-06 16:42:18,294.396
2021-10-06 16:42:59,294.396
2021-10-06 16:43:39,294.392
2021-10-06 16:44:19,294.397
2021-10-06 16:44:59,294.397
2021-10-06 16:45:39,294.392
2021-10-06 16:46:19,294.397
2021-10-06 16:46:59,294.395
2021-10-06 16:47:40,294.398
2021-10-06 16:48:20,294.398
2021-10-06 16:49:00,294.396
2021-10-06 16:49:40,294.399
2021-10-06 16:50:20,294.402
2021-10-06 16:51:01,294.4
2021-10-06 16:51:41,294.4
2021-10-06 16:52:21,294.404
2021-10-06 16:53:01,294.405
2021-10-06 16:53:42,294.404
2021-10-06 16:54:22,294.408
2021-10-06 16:55:02,294.408
2021-10-06 16:55:42,294.406
2021-10-06 16:56:22,294.407
2021-10-06 16:57:02,294.409
2021-10-06 16:57:43,294.413
2021-10-06 16:58:23,294.413
2021-10-06 16:59:03,294.415
2021-10-06 16:59:43,294.417
2021-10-06 17:00:23,294.418
2021-10-06 17:01:04,294.418
2021-10-06 17:01:44,294.418
2021-10-06 17:02:24,294.42
2021-10-06 17:03:04,294.423
2021-10-06 17:03:45,294.425
2021-10-06 17:04:25,294.427
2021-10-06 17:05:05,294.427
2021-10-06 17:05:45,294.429
2021-10-06 17:06:25,294.43
2021-10-06 17:07:06,294.432
2021-10-06 17:07:46,294.433
2021-10-06 17:08:26,294.433
2021-10-06 17:09:06,294.434
2021-10-06 17:09:46,294.437
2021-10-06 17:10:27,294.434
2021-10-06 17:11:07,294.423
2021-10-06 17:11:47,294.423
2021-10-06 17:12:27,294.416
2021-10-06 17:13:08,294.404
2021-10-06 17:13:48,294.396
2021-10-06 17:14:28,294.391
2021-10-06 17:15:08,294.39
2021-10-06 17:15:48,294.39
2021-10-06 17:16:28,294.389
2021-10-06 17:17:09,294.387
2021-10-06 17:17:49,294.384
2021-10-06 17:18:29,294.383
2021-10-06 17:19:09,294.383
2021-10-06 17:19:50,294.383
2021-10-06 17:20:30,294.383
2021-10-06 17:21:10,294.386
2021-10-06 17:21:50,294.386
2021-10-06 17:22:30,294.386
2021-10-06 17:23:11,294.386
2021-10-06 17:23:51,294.389
2021-10-06 17:24:31,294.389
2021-10-06 17:25:11,294.393
2021-10-06 17:25:51,294.393
2021-10-06 17:26:32,294.394
2021-10-06 17:27:12,294.395
2021-10-06 17:27:52,294.398
2021-10-06 17:28:32,294.401
2021-10-06 17:29:12,294.401
2021-10-06 17:29:53,294.402
2021-10-06 17:30:33,294.404
2021-10-06 17:31:13,294.407
2021-10-06 17:31:53,294.408
2021-10-06 17:32:33,294.408
2021-10-06 17:33:14,294.409
2021-10-06 17:33:54,294.399
2021-10-06 17:34:34,294.388
2021-10-06 17:35:14,294.382
2021-10-06 17:35:54,294.382
2021-10-06 17:36:35,294.376
2021-10-06 17:37:15,294.371
2021-10-06 17:37:55,294.372
2021-10-06 17:38:35,294.373
2021-10-06 17:39:15,294.373
2021-10-06 17:39:55,294.376
2021-10-06 17:40:36,294.376
2021-10-06 17:41:16,294.376
2021-10-06 17:41:56,294.379
2021-10-06 17:42:36,294.379
2021-10-06 17:43:16,294.377
2021-10-06 17:43:57,294.38
2021-10-06 17:44:37,294.383
2021-10-06 17:45:17,294.386
2021-10-06 17:45:57,294.386
2021-10-06 17:46:37,294.387
2021-10-06 17:47:17,294.393
2021-10-06 17:47:58,294.391
2021-10-06 17:48:38,294.392
2021-10-06 17:49:18,294.392
2021-10-06 17:49:58,294.386
2021-10-06 17:50:38,294.378
2021-10-06 17:51:19,294.369
2021-10-06 17:51:59,294.365
2021-10-06 17:52:39,294.36
2021-10-06 17:53:19,294.36
2021-10-06 17:54:00,294.358
2021-10-06 17:54:40,294.354
2021-10-06 17:55:20,294.352
2021-10-06 17:56:00,294.354
2021-10-06 17:56:40,294.354
2021-10-06 17:57:21,294.354
2021-10-06 17:58:01,294.359
2021-10-06 17:58:41,294.358
2021-10-06 17:59:21,294.36
2021-10-06 18:00:02,294.36
2021-10-06 18:00:42,294.362
2021-10-06 18:01:22,294.365
2021-10-06 18:02:02,294.367
2021-10-06 18:02:42,294.369
2021-10-06 18:03:23,294.369
2021-10-06 18:04:03,294.369
2021-10-06 18:04:43,294.361
2021-10-06 18:05:23,294.356
2021-10-06 18:06:03,294.346
2021-10-06 18:06:44,294.346
2021-10-06 18:07:24,294.343
2021-10-06 18:08:04,294.344
2021-10-06 18:08:44,294.339
2021-10-06 18:09:24,294.343
2021-10-06 18:10:05,294.343
2021-10-06 18:10:45,294.346
2021-10-06 18:11:25,294.346
2021-10-06 18:12:05,294.347
2021-10-06 18:12:45,294.349
2021-10-06 18:13:26,294.349
2021-10-06 18:14:06,294.35
2021-10-06 18:14:46,294.353
2021-10-06 18:15:26,294.354
2021-10-06 18:16:06,294.356
2021-10-06 18:16:47,294.356
2021-10-06 18:17:27,294.36
2021-10-06 18:18:07,294.363
2021-10-06 18:18:47,294.363
2021-10-06 18:19:28,294.366
2021-10-06 18:20:08,294.366
2021-10-06 18:20:48,294.369
2021-10-06 18:21:28,294.368
2021-10-06 18:22:08,294.361
2021-10-06 18:22:49,294.353
2021-10-06 18:23:29,294.353
2021-10-06 18:24:09,294.346
2021-10-06 18:24:49,294.34
2021-10-06 18:25:29,294.337
2021-10-06 18:26:10,294.333
2021-10-06 18:26:50,294.332
2021-10-06 18:27:30,294.332
2021-10-06 18:28:10,294.329
2021-10-06 18:28:51,294.333
2021-10-06 18:29:31,294.331
2021-10-06 18:30:11,294.332
2021-10-06 18:30:51,294.332
2021-10-06 18:31:31,294.33
2021-10-06 18:32:12,294.333
2021-10-06 18:32:52,294.337
2021-10-06 18:33:32,294.341
2021-10-06 18:34:12,294.341
2021-10-06 18:34:52,294.342
2021-10-06 18:35:33,294.344
2021-10-06 18:36:13,294.345
2021-10-06 18:36:53,294.349
2021-10-06 18:37:33,294.349
2021-10-06 18:38:13,294.35
2021-10-06 18:38:54,294.352
2021-10-06 18:39:34,294.343
2021-10-06 18:40:14,294.334
2021-10-06 18:40:54,294.334
2021-10-06 18:41:34,294.328
2021-10-06 18:42:14,294.325
2021-10-06 18:42:55,294.323
2021-10-06 18:43:35,294.323
2021-10-06 18:44:15,294.323
2021-10-06 18:44:55,294.323
2021-10-06 18:45:35,294.326
2021-10-06 18:46:16,294.329
2021-10-06 18:46:56,294.331
2021-10-06 18:47:36,294.331
2021-10-06 18:48:16,294.331
2021-10-06 18:48:57,294.334
2021-10-06 18:49:37,294.337
2021-10-06 18:50:17,294.338
2021-10-06 18:50:57,294.338
2021-10-06 18:51:37,294.344
2021-10-06 18:52:17,294.345
2021-10-06 18:52:58,294.352
2021-10-06 18:53:38,294.353
2021-10-06 18:54:18,294.353
2021-10-06 18:54:58,294.352
2021-10-06 18:55:38,294.353
2021-10-06 18:56:18,294.345
2021-10-06 18:56:59,294.333
2021-10-06 18:57:39,294.333
2021-10-06 18:58:19,294.331
2021-10-06 18:59:00,294.327
2021-10-06 18:59:40,294.331
2021-10-06 19:00:20,294.333
2021-10-06 19:01:00,294.343
2021-10-06 19:01:40,294.343
2021-10-06 19:02:21,294.355
2021-10-06 19:03:01,294.362
2021-10-06 19:03:41,294.365
2021-10-06 19:04:21,294.371
2021-10-06 19:05:02,294.371
2021-10-06 19:05:42,294.375
2021-10-06 19:06:22,294.38
2021-10-06 19:07:02,294.384
2021-10-06 19:07:43,294.39
2021-10-06 19:08:23,294.39
2021-10-06 19:09:03,294.391
2021-10-06 19:09:43,294.386
2021-10-06 19:10:23,294.38
2021-10-06 19:11:04,294.377
2021-10-06 19:11:44,294.377
2021-10-06 19:12:24,294.375
2021-10-06 19:13:04,294.378
2021-10-06 19:13:44,294.384
2021-10-06 19:14:25,294.387
2021-10-06 19:15:05,294.387
2021-10-06 19:15:45,294.389
2021-10-06 19:16:25,294.394
2021-10-06 19:17:05,294.401
2021-10-06 19:17:46,294.405
2021-10-06 19:18:26,294.405
2021-10-06 19:19:06,294.413
2021-10-06 19:19:46,294.425
2021-10-06 19:20:26,294.435
2021-10-06 19:21:07,294.448
2021-10-06 19:21:47,294.448
2021-10-06 19:22:27,294.456
2021-10-06 19:23:07,294.462
2021-10-06 19:23:47,294.467
2021-10-06 19:24:28,294.465
2021-10-06 19:25:08,294.465
2021-10-06 19:25:48,294.464
2021-10-06 19:26:28,294.457
2021-10-06 19:27:08,294.447
2021-10-06 19:27:48,294.448
2021-10-06 19:28:29,294.448
2021-10-06 19:29:09,294.443
2021-10-06 19:29:49,294.443
2021-10-06 19:30:29,294.443
2021-10-06 19:31:09,294.446
2021-10-06 19:31:50,294.446
2021-10-06 19:32:30,294.447
2021-10-06 19:33:10,294.448
2021-10-06 19:33:50,294.447
2021-10-06 19:34:31,294.449
2021-10-06 19:35:11,294.447
2021-10-06 19:35:51,294.447
2021-10-06 19:36:31,294.448
2021-10-06 19:37:12,294.453
2021-10-06 19:37:52,294.452
2021-10-06 19:38:32,294.449
2021-10-06 19:39:12,294.449
2021-10-06 19:39:52,294.456
2021-10-06 19:40:33,294.456
2021-10-06 19:41:13,294.458
2021-10-06 19:41:53,294.459
2021-10-06 19:42:33,294.459
2021-10-06 19:43:14,294.46
2021-10-06 19:43:54,294.461
2021-10-06 19:44:34,294.464
2021-10-06 19:45:14,294.464
2021-10-06 19:45:54,294.464
2021-10-06 19:46:35,294.466
2021-10-06 19:47:15,294.465
2021-10-06 19:47:55,294.458
2021-10-06 19:48:35,294.453
2021-10-06 19:49:15,294.453
2021-10-06 19:49:56,294.448
2021-10-06 19:50:36,294.438
2021-10-06 19:51:16,294.43
2021-10-06 19:51:56,294.425
2021-10-06 19:52:36,294.425
2021-10-06 19:53:17,294.421
2021-10-06 19:53:57,294.415
2021-10-06 19:54:37,294.415
2021-10-06 19:55:17,294.415
2021-10-06 19:55:58,294.415
2021-10-06 19:56:38,294.411
2021-10-06 19:57:18,294.412
2021-10-06 19:57:58,294.415
2021-10-06 19:58:38,294.415
2021-10-06 19:59:19,294.415
2021-10-06 19:59:59,294.412
2021-10-06 20:00:39,294.414
2021-10-06 20:01:19,294.415
2021-10-06 20:01:59,294.417
2021-10-06 20:02:40,294.417
2021-10-06 20:03:20,294.417
2021-10-06 20:04:00,294.417
2021-10-06 20:04:40,294.417
2021-10-06 20:05:20,294.422
2021-10-06 20:06:01,294.42
2021-10-06 20:06:41,294.42
2021-10-06 20:07:21,294.423
2021-10-06 20:08:01,294.425
2021-10-06 20:08:42,294.424
2021-10-06 20:09:22,294.428
2021-10-06 20:10:02,294.428
2021-10-06 20:10:42,294.429
2021-10-06 20:11:22,294.429
2021-10-06 20:12:03,294.429
2021-10-06 20:12:43,294.433
2021-10-06 20:13:23,294.433
2021-10-06 20:14:03,294.435
2021-10-06 20:14:43,294.435
2021-10-06 20:15:24,294.435
2021-10-06 20:16:04,294.437
2021-10-06 20:16:44,294.437
2021-10-06 20:17:24,294.44
2021-10-06 20:18:04,294.437
2021-10-06 20:18:45,294.432
2021-10-06 20:19:25,294.427
2021-10-06 20:20:05,294.427
2021-10-06 20:20:45,294.416
2021-10-06 20:21:26,294.409
2021-10-06 20:22:06,294.403
2021-10-06 20:22:46,294.398
2021-10-06 20:23:26,294.398
2021-10-06 20:24:06,294.395
2021-10-06 20:24:47,294.39
2021-10-06 20:25:27,294.393
2021-10-06 20:26:07,294.387
2021-10-06 20:26:47,294.387
2021-10-06 20:27:27,294.387
2021-10-06 20:28:08,294.384
2021-10-06 20:28:48,294.386
2021-10-06 20:29:28,294.388
2021-10-06 20:30:08,294.388
2021-10-06 20:30:48,294.389
2021-10-06 20:31:29,294.388
2021-10-06 20:32:09,294.391
2021-10-06 20:32:49,294.397
2021-10-06 20:33:29,294.397
2021-10-06 20:34:09,294.406
2021-10-06 20:34:50,294.418
2021-10-06 20:35:30,294.429
2021-10-06 20:36:10,294.444
2021-10-06 20:36:50,294.444
2021-10-06 20:37:30,294.46
2021-10-06 20:38:11,294.49
2021-10-06 20:38:51,294.507
2021-10-06 20:39:31,294.516
2021-10-06 20:40:11,294.522
2021-10-06 20:40:52,294.522
2021-10-06 20:41:32,294.526
2021-10-06 20:42:12,294.531
2021-10-06 20:42:52,294.534
2021-10-06 20:43:32,294.537
2021-10-06 20:44:13,294.537
2021-10-06 20:44:53,294.544
2021-10-06 20:45:33,294.547
2021-10-06 20:46:13,294.552
2021-10-06 20:46:53,294.556
2021-10-06 20:47:34,294.556
2021-10-06 20:48:14,294.558
2021-10-06 20:48:54,294.568
2021-10-06 20:49:34,294.57
2021-10-06 20:50:14,294.57
2021-10-06 20:50:55,294.57
2021-10-06 20:51:35,294.571
2021-10-06 20:52:15,294.574
2021-10-06 20:52:55,294.578
2021-10-06 20:53:35,294.58
2021-10-06 20:54:16,294.58
2021-10-06 20:54:56,294.585
2021-10-06 20:55:36,294.583
2021-10-06 20:56:16,294.586
2021-10-06 20:56:56,294.589
2021-10-06 20:57:37,294.589
2021-10-06 20:58:17,294.593
2021-10-06 20:58:57,294.594
2021-10-06 20:59:37,294.596
2021-10-06 21:00:17,294.596
2021-10-06 21:00:58,294.596
2021-10-06 21:01:38,294.6
2021-10-06 21:02:18,294.603
2021-10-06 21:02:58,294.603
2021-10-06 21:03:38,294.605
2021-10-06 21:04:18,294.605
2021-10-06 21:04:58,294.608
2021-10-06 21:05:38,294.609
2021-10-06 21:06:18,294.611
2021-10-06 21:06:58,294.612
2021-10-06 21:07:38,294.612
2021-10-06 21:08:18,294.615
2021-10-06 21:08:58,294.613
2021-10-06 21:09:38,294.613
2021-10-06 21:10:18,294.614
2021-10-06 21:10:58,294.614
2021-10-06 21:11:39,294.615
2021-10-06 21:12:19,294.614
2021-10-06 21:12:59,294.615
2021-10-06 21:13:39,294.617
2021-10-06 21:14:19,294.617
2021-10-06 21:14:59,294.618
2021-10-06 21:15:39,294.62
2021-10-06 21:16:19,294.619
2021-10-06 21:17:00,294.62
2021-10-06 21:17:40,294.62
2021-10-06 21:18:20,294.618
2021-10-06 21:19:00,294.62
2021-10-06 21:19:40,294.619
2021-10-06 21:20:20,294.619
2021-10-06 21:21:00,294.619
2021-10-06 21:21:40,294.621
2021-10-06 21:22:20,294.621
2021-10-06 21:23:01,294.621
2021-10-06 21:23:41,294.619
2021-10-06 21:24:21,294.619
2021-10-06 21:25:01,294.622
2021-10-06 21:25:41,294.619
2021-10-06 21:26:22,294.624
2021-10-06 21:27:02,294.622
2021-10-06 21:27:42,294.622
2021-10-06 21:28:22,294.62
2021-10-06 21:29:03,294.619
2021-10-06 21:29:43,294.618
2021-10-06 21:30:23,294.62
2021-10-06 21:31:03,294.622
2021-10-06 21:31:44,294.622
2021-10-06 21:32:24,294.617
2021-10-06 21:33:04,294.618
2021-10-06 21:33:44,294.619
2021-10-06 21:34:25,294.619
2021-10-06 21:35:05,294.619
2021-10-06 21:35:45,294.616
2021-10-06 21:36:25,294.616
2021-10-06 21:37:05,294.619
2021-10-06 21:37:45,294.612
2021-10-06 21:38:26,294.612
2021-10-06 21:39:06,294.616
2021-10-06 21:39:46,294.616
2021-10-06 21:40:26,294.615
2021-10-06 21:41:06,294.611
2021-10-06 21:41:47,294.611
2021-10-06 21:42:27,294.607
2021-10-06 21:43:07,294.554
2021-10-06 21:43:47,294.497
2021-10-06 21:44:28,294.454
2021-10-06 21:45:08,294.454
2021-10-06 21:45:48,294.422
2021-10-06 21:46:28,294.392
2021-10-06 21:47:08,294.371
2021-10-06 21:47:49,294.351
2021-10-06 21:48:29,294.351
2021-10-06 21:49:09,294.338
2021-10-06 21:49:49,294.329
2021-10-06 21:50:29,294.319
2021-10-06 21:51:10,294.31
2021-10-06 21:51:50,294.31
2021-10-06 21:52:30,294.303
2021-10-06 21:53:10,294.294
2021-10-06 21:53:50,294.29
2021-10-06 21:54:30,294.283
2021-10-06 21:55:11,294.283
2021-10-06 21:55:51,294.28
2021-10-06 21:56:31,294.272
2021-10-06 21:57:11,294.267
2021-10-06 21:57:51,294.263
2021-10-06 21:58:32,294.263
2021-10-06 21:59:12,294.258
2021-10-06 21:59:52,294.254
2021-10-06 22:00:32,294.256
2021-10-06 22:01:12,294.248
2021-10-06 22:01:53,294.248
2021-10-06 22:02:33,294.249
2021-10-06 22:03:13,294.247
2021-10-06 22:03:53,294.245
2021-10-06 22:04:33,294.243
2021-10-06 22:05:14,294.243
2021-10-06 22:05:54,294.242
2021-10-06 22:06:34,294.238
2021-10-06 22:07:14,294.24
2021-10-06 22:07:55,294.238
2021-10-06 22:08:35,294.234
2021-10-06 22:09:15,294.234
2021-10-06 22:09:55,294.234
2021-10-06 22:10:35,294.234
2021-10-06 22:11:15,294.233
2021-10-06 22:11:56,294.233
2021-10-06 22:12:36,294.233
2021-10-06 22:13:16,294.229
2021-10-06 22:13:56,294.229
2021-10-06 22:14:37,294.227
2021-10-06 22:15:17,294.228
2021-10-06 22:15:57,294.228
2021-10-06 22:16:37,294.226
2021-10-06 22:17:17,294.228
2021-10-06 22:17:58,294.226
2021-10-06 22:18:38,294.223
2021-10-06 22:19:18,294.223
2021-10-06 22:19:58,294.222
2021-10-06 22:20:39,294.222
2021-10-06 22:21:19,294.222
2021-10-06 22:21:59,294.22
2021-10-06 22:22:39,294.22
2021-10-06 22:23:19,294.222
2021-10-06 22:24:00,294.218
2021-10-06 22:24:40,294.22
2021-10-06 22:25:20,294.219
2021-10-06 22:26:00,294.219
2021-10-06 22:26:40,294.218
2021-10-06 22:27:20,294.217
2021-10-06 22:28:01,294.217
2021-10-06 22:28:41,294.218
2021-10-06 22:29:21,294.218
2021-10-06 22:30:01,294.216
2021-10-06 22:30:41,294.216
2021-10-06 22:31:22,294.214
2021-10-06 22:32:02,294.215
2021-10-06 22:32:42,294.215
2021-10-06 22:33:22,294.214
2021-10-06 22:34:02,294.211
2021-10-06 22:34:43,294.213
2021-10-06 22:35:23,294.211
2021-10-06 22:36:03,294.211
2021-10-06 22:36:43,294.171
2021-10-06 22:37:23,294.052
2021-10-06 22:38:04,293.847
2021-10-06 22:38:44,293.554
2021-10-06 22:39:24,293.554
2021-10-06 22:40:04,293.195
2021-10-06 22:40:45,292.778
2021-10-06 22:41:25,292.313
2021-10-06 22:42:05,291.802
2021-10-06 22:42:45,291.251
2021-10-06 22:43:25,291.251
2021-10-06 22:44:06,290.671
2021-10-06 22:44:46,290.057
2021-10-06 22:45:26,289.417
2021-10-06 22:46:06,288.75
2021-10-06 22:46:46,288.75
2021-10-06 22:47:26,288.058
2021-10-06 22:48:07,287.346
2021-10-06 22:48:47,286.614
2021-10-06 22:49:27,285.865
2021-10-06 22:50:07,285.865
2021-10-06 22:50:47,285.098
2021-10-06 22:51:28,284.314
2021-10-06 22:52:08,283.52
2021-10-06 22:52:48,282.712
2021-10-06 22:53:28,282.712
2021-10-06 22:54:08,281.896
2021-10-06 22:54:49,281.064
2021-10-06 22:55:29,280.229
2021-10-06 22:56:09,279.395
2021-10-06 22:56:49,279.395
2021-10-06 22:57:29,278.602
2021-10-06 22:58:10,277.873
2021-10-06 22:58:50,277.208
2021-10-06 22:59:30,276.601
2021-10-06 23:00:10,276.601
2021-10-06 23:00:50,276.048
2021-10-06 23:01:30,275.533
2021-10-06 23:02:10,275.058
2021-10-06 23:02:51,274.613
2021-10-06 23:03:31,274.613
2021-10-06 23:04:11,274.21
2021-10-06 23:04:51,273.856
2021-10-06 23:05:31,273.531
2021-10-06 23:06:12,273.236
2021-10-06 23:06:52,273.236
2021-10-06 23:07:32,272.959
2021-10-06 23:08:12,272.707
2021-10-06 23:08:53,272.478
2021-10-06 23:09:33,272.259
